{
  "username": "2319",
  "password": "$2a$10$61EyNK/vkdqnyddTg3.Tueux2x1aBCD2FNZxst9D0.dY3/2RqO1x2",
  "title": "",
  "titleColor": "",
  "tile": {
    "x": 3089,
    "y": 3487,
    "level": 0,
    "firstChunkX": 386,
    "firstChunkY": 435
  },
  "gameTime": 68929,
  "runEnergy": 100.0,
  "running": true,
  "playerRights": "PLAYER",
  "memberRights": "NONE",
  "gameMode": "INSTANT_PKER",
  "ironMode": "NONE",
  "darkLordLives": 3,
  "lastIP": "181.114.103.50",
  "mac": "70-85-C2-93-60-4D",
  "accountPin": 0,
  "askAccountPin": false,
  "accountPinAttemptsLeft": 5,
  "accountPinFrozenTicks": 0,
  "creationDate": "Oct 3, 2021, 04:33:50 AM",
  "creationIp": "181.188.137.57",
  "lastLogin": "Jan 15, 2022, 15:26:02 PM",
  "muted": false,
  "lastBMClaim": 0,
  "isCombatMaxed": false,
  "starterWeaponDamage": 22,
  "newPlayer": false,
  "isBetaTester": false,
  "veteran": false,
  "veteranGiftClaimed": false,
  "playtimeGiftClaimed": false,
  "gambler": false,
  "starterboxClaimed": false,
  "clanBoxOpened": false,
  "promoCodeClaimed": false,
  "receivedMonthlySponsorRewards": false,
  "receivedTopPkerReward": false,
  "topPkerPosition": 0,
  "female": false,
  "looks": [
    1,
    10,
    24,
    27,
    34,
    40,
    42
  ],
  "colors": [
    1,
    1,
    2,
    3,
    0
  ],
  "spellBook": "ANCIENT",
  "fightType": "STAFF_POUND",
  "fightTypeVarp": 43,
  "fightTypeVarpState": 1,
  "autoRetaliate": false,
  "previousSpellbook": "NORMAL",
  "venomTicks": 0,
  "poisonTicks": 0,
  "specPercentage": 100,
  "recoilCharges": 40,
  "targetSearchTimer": 0,
  "specialAttackRestoreTimer": 0,
  "skullTimer": -1,
  "skullType": "NO_SKULL",
  "quickPrayers": [
    null,
    null,
    null,
    null,
    null,
    null,
    null,
    null,
    null,
    null,
    null,
    null,
    null,
    null,
    null,
    null,
    null,
    null,
    null,
    null,
    null,
    null,
    null,
    null,
    null,
    null,
    null,
    null,
    null
  ],
  "presets": [
    {
      "name": "Nh",
      "inventory": [
        {
          "id": 24607,
          "amount": 150
        },
        {
          "id": 10925,
          "amount": 1
        },
        {
          "id": 10925,
          "amount": 1
        },
        {
          "id": 12695,
          "amount": 1
        },
        {
          "id": 6685,
          "amount": 1
        },
        {
          "id": 3024,
          "amount": 1
        },
        {
          "id": 2444,
          "amount": 1
        },
        {
          "id": 6685,
          "amount": 1
        },
        {
          "id": 10925,
          "amount": 1
        },
        {
          "id": 6685,
          "amount": 1
        },
        {
          "id": 6685,
          "amount": 1
        },
        {
          "id": 6685,
          "amount": 1
        },
        {
          "id": 6685,
          "amount": 1
        },
        {
          "id": 6685,
          "amount": 1
        },
        {
          "id": 12625,
          "amount": 1
        },
        {
          "id": 6685,
          "amount": 1
        },
        {
          "id": 13441,
          "amount": 1
        },
        {
          "id": 13441,
          "amount": 1
        },
        {
          "id": 13441,
          "amount": 1
        },
        {
          "id": 13441,
          "amount": 1
        },
        {
          "id": 6570,
          "amount": 1
        },
        {
          "id": 11802,
          "amount": 1
        },
        {
          "id": 9185,
          "amount": 1
        },
        {
          "id": 12492,
          "amount": 1
        },
        {
          "id": 12954,
          "amount": 1
        },
        {
          "id": 12006,
          "amount": 1
        },
        {
          "id": 11978,
          "amount": 1
        },
        {
          "id": 12494,
          "amount": 1
        }
      ],
      "equipment": [
        {
          "id": 10828,
          "amount": 1
        },
        {
          "id": 2412,
          "amount": 1
        },
        {
          "id": 12002,
          "amount": 1
        },
        {
          "id": 4675,
          "amount": 1
        },
        {
          "id": 4091,
          "amount": 1
        },
        {
          "id": 12829,
          "amount": 1
        },
        {
          "id": 4093,
          "amount": 1
        },
        {
          "id": 7462,
          "amount": 1
        },
        {
          "id": 3105,
          "amount": 1
        },
        {
          "id": 11770,
          "amount": 1
        },
        {
          "id": 9244,
          "amount": 4815
        }
      ],
      "stats": [
        99,
        99,
        99,
        99,
        99,
        99,
        99
      ],
      "spellbook": "ANCIENT",
      "index": 0,
      "isGlobal": false,
      "runePouch": []
    },
    {
      "name": "Max Nh",
      "inventory": [
        {
          "id": 24607,
          "amount": 149
        },
        {
          "id": 10925,
          "amount": 1
        },
        {
          "id": 10925,
          "amount": 1
        },
        {
          "id": 12695,
          "amount": 1
        },
        {
          "id": 10925,
          "amount": 1
        },
        {
          "id": 10925,
          "amount": 1
        },
        {
          "id": 12625,
          "amount": 1
        },
        {
          "id": 2444,
          "amount": 1
        },
        {
          "id": 6685,
          "amount": 1
        },
        {
          "id": 6685,
          "amount": 1
        },
        {
          "id": 6685,
          "amount": 1
        },
        {
          "id": 6685,
          "amount": 1
        },
        {
          "id": 6685,
          "amount": 1
        },
        {
          "id": 6685,
          "amount": 1
        },
        {
          "id": 6685,
          "amount": 1
        },
        {
          "id": 6685,
          "amount": 1
        },
        {
          "id": 13441,
          "amount": 1
        },
        {
          "id": 13441,
          "amount": 1
        },
        {
          "id": 13441,
          "amount": 1
        },
        {
          "id": 13441,
          "amount": 1
        },
        {
          "id": 22622,
          "amount": 1
        },
        {
          "id": 6570,
          "amount": 1
        },
        {
          "id": 11785,
          "amount": 1
        },
        {
          "id": 4736,
          "amount": 1
        },
        {
          "id": 12954,
          "amount": 1
        },
        {
          "id": 10551,
          "amount": 1
        },
        {
          "id": 11978,
          "amount": 1
        },
        {
          "id": 4738,
          "amount": 1
        }
      ],
      "equipment": [
        {
          "id": 10828,
          "amount": 1
        },
        {
          "id": 2412,
          "amount": 1
        },
        {
          "id": 12002,
          "amount": 1
        },
        {
          "id": 12904,
          "amount": 1
        },
        {
          "id": 4712,
          "amount": 1
        },
        {
          "id": 12831,
          "amount": 1
        },
        {
          "id": 4714,
          "amount": 1
        },
        {
          "id": 7462,
          "amount": 1
        },
        {
          "id": 11840,
          "amount": 1
        },
        {
          "id": 11773,
          "amount": 1
        },
        {
          "id": 9244,
          "amount": 4898
        }
      ],
      "stats": [
        99,
        99,
        99,
        99,
        99,
        99,
        99
      ],
      "spellbook": "ANCIENT",
      "index": 1,
      "isGlobal": false,
      "runePouch": []
    },
    {
      "name": "Void Nh",
      "inventory": [
        {
          "id": 24607,
          "amount": 4841
        },
        {
          "id": 10925,
          "amount": 1
        },
        {
          "id": 10925,
          "amount": 1
        },
        {
          "id": 10925,
          "amount": 1
        },
        {
          "id": 12695,
          "amount": 1
        },
        {
          "id": 2444,
          "amount": 1
        },
        {
          "id": 10925,
          "amount": 1
        },
        {
          "id": 12625,
          "amount": 1
        },
        {
          "id": 24567,
          "amount": 1
        },
        {
          "id": 6685,
          "amount": 1
        },
        {
          "id": 6685,
          "amount": 1
        },
        {
          "id": 6685,
          "amount": 1
        },
        {
          "id": 6685,
          "amount": 1
        },
        {
          "id": 6685,
          "amount": 1
        },
        {
          "id": 6685,
          "amount": 1
        },
        {
          "id": 6685,
          "amount": 1
        },
        {
          "id": 13441,
          "amount": 1
        },
        {
          "id": 13441,
          "amount": 1
        },
        {
          "id": 13441,
          "amount": 1
        },
        {
          "id": 13441,
          "amount": 1
        },
        {
          "id": 22622,
          "amount": 1
        },
        {
          "id": 11665,
          "amount": 1
        },
        {
          "id": 11785,
          "amount": 1
        },
        {
          "id": 11664,
          "amount": 1
        },
        {
          "id": 12954,
          "amount": 1
        },
        {
          "id": 6570,
          "amount": 1
        },
        {
          "id": 12436,
          "amount": 1
        },
        {
          "id": 22586,
          "amount": 1
        }
      ],
      "equipment": [
        {
          "id": 11663,
          "amount": 1
        },
        {
          "id": 2412,
          "amount": 1
        },
        {
          "id": 12002,
          "amount": 1
        },
        {
          "id": 12904,
          "amount": 1
        },
        {
          "id": 13072,
          "amount": 1
        },
        {
          "id": 12831,
          "amount": 1
        },
        {
          "id": 13073,
          "amount": 1
        },
        {
          "id": 8842,
          "amount": 1
        },
        {
          "id": 11840,
          "amount": 1
        },
        {
          "id": 11773,
          "amount": 1
        },
        {
          "id": 21948,
          "amount": 223
        }
      ],
      "stats": [
        99,
        99,
        99,
        99,
        99,
        99,
        99
      ],
      "spellbook": "ANCIENT",
      "index": 2,
      "isGlobal": false,
      "runePouch": []
    },
    null,
    null,
    null,
    null,
    null,
    null,
    null,
    null,
    null,
    null,
    null,
    null,
    null,
    null,
    null,
    null,
    null
  ],
  "lastPreset": [
    false,
    2.0
  ],
  "specialTeleblockTimer": 0,
  "totalAmountPaid": 0.0,
  "promoPaymentAmount": 0.0,
  "promoItemsClaimed": 0,
  "memberUnlocked": false,
  "superMemberUnlocked": false,
  "eliteMemberUnlocked": false,
  "extremeMemberUnlocked": false,
  "legendaryMemberUnlocked": false,
  "vipUnlocked": false,
  "sponsorMemberUnlocked": false,
  "dynamicLevels": [
    99,
    99,
    99,
    99,
    99,
    99,
    99,
    1,
    1,
    1,
    1,
    1,
    1,
    1,
    1,
    1,
    1,
    1,
    47,
    1,
    1,
    1,
    1
  ],
  "skillXP": [
    1.3034431E7,
    1.3034431E7,
    1.3057599E7,
    1.3089129666666668E7,
    1.3097455E7,
    1.3034431E7,
    1.3214775E7,
    0.0,
    0.0,
    0.0,
    0.0,
    0.0,
    0.0,
    0.0,
    0.0,
    0.0,
    0.0,
    0.0,
    78300.0,
    0.0,
    0.0,
    0.0,
    0.0
  ],
  "activePetItemId": 16005,
  "unlockedPets": [],
  "insuredPets": [],
  "slayerTaskId": 29,
  "slayerTaskAmount": 45,
  "slayerMasterId": 0,
  "slayerTaskStreak": 0,
  "slayerTaskStreakRecord": 0,
  "completedSlayerTasks": 0,
  "wildernessSlayerActive": false,
  "wildernessSlayerDescribed": false,
  "slayerPartner": "None",
  "blockedSlayerTasks": [],
  "slayerUnlocks": {},
  "slayerExtensionsList": {},
  "inventory": [
    {
      "id": 24607,
      "amount": 4775
    },
    {
      "id": 10925,
      "amount": 1
    },
    {
      "id": 10925,
      "amount": 1
    },
    {
      "id": 10925,
      "amount": 1
    },
    {
      "id": 12695,
      "amount": 1
    },
    {
      "id": 2444,
      "amount": 1
    },
    {
      "id": 12625,
      "amount": 1
    },
    {
      "id": 10925,
      "amount": 1
    },
    {
      "id": 6685,
      "amount": 1
    },
    {
      "id": 6685,
      "amount": 1
    },
    {
      "id": 6685,
      "amount": 1
    },
    {
      "id": 6685,
      "amount": 1
    },
    {
      "id": 6685,
      "amount": 1
    },
    {
      "id": 6685,
      "amount": 1
    },
    {
      "id": 6685,
      "amount": 1
    },
    {
      "id": 6685,
      "amount": 1
    },
    {
      "id": 13441,
      "amount": 1
    },
    {
      "id": 13441,
      "amount": 1
    },
    {
      "id": 13441,
      "amount": 1
    },
    {
      "id": 13441,
      "amount": 1
    },
    {
      "id": 22622,
      "amount": 1
    },
    {
      "id": 11665,
      "amount": 1
    },
    {
      "id": 11785,
      "amount": 1
    },
    {
      "id": 11664,
      "amount": 1
    },
    {
      "id": 12954,
      "amount": 1
    },
    {
      "id": 6570,
      "amount": 1
    },
    {
      "id": 12436,
      "amount": 1
    },
    {
      "id": 22586,
      "amount": 1
    }
  ],
  "equipment": [
    {
      "id": 11663,
      "amount": 1
    },
    {
      "id": 2412,
      "amount": 1
    },
    {
      "id": 12002,
      "amount": 1
    },
    {
      "id": 12904,
      "amount": 1
    },
    {
      "id": 13072,
      "amount": 1
    },
    {
      "id": 12831,
      "amount": 1
    },
    null,
    {
      "id": 13073,
      "amount": 1
    },
    null,
    {
      "id": 8842,
      "amount": 1
    },
    {
      "id": 11840,
      "amount": 1
    },
    null,
    {
      "id": 11773,
      "amount": 1
    },
    {
      "id": 21948,
      "amount": 182
    }
  ],
  "bank": [
    {
      "id": 4587,
      "amount": 20003
    },
    {
      "id": 1215,
      "amount": 20000
    },
    {
      "id": 4089,
      "amount": 20000
    },
    {
      "id": 4109,
      "amount": 20000
    },
    {
      "id": 4099,
      "amount": 20000
    },
    {
      "id": 7400,
      "amount": 20000
    },
    {
      "id": 3755,
      "amount": 20000
    },
    {
      "id": 1163,
      "amount": 20000
    },
    {
      "id": 1305,
      "amount": 20000
    },
    {
      "id": 4675,
      "amount": 20015
    },
    {
      "id": 4091,
      "amount": 20016
    },
    {
      "id": 4111,
      "amount": 20000
    },
    {
      "id": 4101,
      "amount": 20000
    },
    {
      "id": 7399,
      "amount": 20000
    },
    {
      "id": 3751,
      "amount": 20000
    },
    {
      "id": 1127,
      "amount": 20000
    },
    {
      "id": 1434,
      "amount": 20000
    },
    {
      "id": 9185,
      "amount": 20016
    },
    {
      "id": 4093,
      "amount": 20016
    },
    {
      "id": 4113,
      "amount": 20000
    },
    {
      "id": 4103,
      "amount": 20000
    },
    {
      "id": 7398,
      "amount": 20000
    },
    {
      "id": 3753,
      "amount": 20000
    },
    {
      "id": 1079,
      "amount": 20001
    },
    {
      "id": 5698,
      "amount": 20003
    },
    {
      "id": 10499,
      "amount": 20001
    },
    {
      "id": 4097,
      "amount": 20000
    },
    {
      "id": 4117,
      "amount": 20000
    },
    {
      "id": 4107,
      "amount": 20000
    },
    {
      "id": 2579,
      "amount": 20000
    },
    {
      "id": 3749,
      "amount": 20000
    },
    {
      "id": 4131,
      "amount": 20000
    },
    {
      "id": 2503,
      "amount": 20001
    },
    {
      "id": 2497,
      "amount": 20000
    },
    {
      "id": 12492,
      "amount": 19998
    },
    {
      "id": 12508,
      "amount": 20000
    },
    {
      "id": 12500,
      "amount": 20000
    },
    {
      "id": 3105,
      "amount": 20015
    },
    {
      "id": 1093,
      "amount": 20000
    },
    {
      "id": 1201,
      "amount": 20000
    },
    {
      "id": 3842,
      "amount": 20000
    },
    {
      "id": 12612,
      "amount": 20000
    },
    {
      "id": 12494,
      "amount": 19998
    },
    {
      "id": 12510,
      "amount": 20000
    },
    {
      "id": 12502,
      "amount": 20000
    },
    {
      "id": 6108,
      "amount": 20000
    },
    {
      "id": 6107,
      "amount": 20000
    },
    {
      "id": 6109,
      "amount": 20000
    },
    {
      "id": 13441,
      "amount": 999999716
    },
    {
      "id": 12695,
      "amount": 999999900
    },
    {
      "id": 12625,
      "amount": 40
    },
    {
      "id": 12697,
      "amount": 60
    },
    {
      "id": 989,
      "amount": 1
    },
    {
      "id": 12627,
      "amount": 10
    },
    {
      "id": 12829,
      "amount": 16
    },
    {
      "id": 8850,
      "amount": 3
    },
    {
      "id": 11828,
      "amount": 2
    },
    {
      "id": 12699,
      "amount": 27
    },
    {
      "id": 4447,
      "amount": 1
    },
    {
      "id": 24615,
      "amount": 28
    },
    {
      "id": 12831,
      "amount": 1
    },
    {
      "id": 24607,
      "amount": 1761
    },
    {
      "id": 12006,
      "amount": 3
    },
    {
      "id": 11802,
      "amount": 2
    },
    {
      "id": 24565,
      "amount": 2
    },
    {
      "id": 12701,
      "amount": 2
    },
    {
      "id": 229,
      "amount": 3
    },
    {
      "id": 6585,
      "amount": 13
    },
    {
      "id": 14489,
      "amount": 1
    },
    {
      "id": 11235,
      "amount": 2
    },
    {
      "id": 21816,
      "amount": 1
    },
    {
      "id": 12629,
      "amount": 15
    },
    {
      "id": 11840,
      "amount": 1
    },
    {
      "id": 20714,
      "amount": 1
    },
    {
      "id": 6920,
      "amount": 3
    },
    {
      "id": 21006,
      "amount": 1
    },
    {
      "id": 21944,
      "amount": 996
    },
    {
      "id": 12631,
      "amount": 1
    },
    {
      "id": 11770,
      "amount": 3
    },
    {
      "id": 12002,
      "amount": 10
    },
    {
      "id": 4714,
      "amount": 3
    },
    {
      "id": 4712,
      "amount": 3
    },
    {
      "id": 4736,
      "amount": 3
    },
    {
      "id": 4710,
      "amount": 1
    },
    {
      "id": 4759,
      "amount": 1
    },
    {
      "id": 4738,
      "amount": 2
    },
    {
      "id": 15300,
      "amount": 5
    },
    {
      "id": 13307,
      "amount": 3760146
    },
    {
      "id": 21902,
      "amount": 1
    },
    {
      "id": 24225,
      "amount": 1
    },
    {
      "id": 11773,
      "amount": 1
    },
    {
      "id": 13239,
      "amount": 1
    },
    {
      "id": 11832,
      "amount": 1
    },
    {
      "id": 22653,
      "amount": 1
    },
    {
      "id": 22656,
      "amount": 1
    },
    {
      "id": 22641,
      "amount": 1
    },
    {
      "id": 11785,
      "amount": 1
    },
    {
      "id": 12436,
      "amount": 0
    },
    {
      "id": 24144,
      "amount": 1
    },
    {
      "id": 21948,
      "amount": 54
    },
    {
      "id": 15301,
      "amount": 1
    },
    {
      "id": 30034,
      "amount": 1
    },
    {
      "id": 6570,
      "amount": 0
    },
    {
      "id": 10551,
      "amount": 3
    },
    {
      "id": 12954,
      "amount": 0
    },
    {
      "id": 22622,
      "amount": 0
    },
    {
      "id": 16005,
      "amount": 0
    },
    {
      "id": 19544,
      "amount": 1
    },
    {
      "id": 6918,
      "amount": 6
    },
    {
      "id": 11808,
      "amount": 1
    },
    {
      "id": 12890,
      "amount": 1
    },
    {
      "id": 12904,
      "amount": 0
    },
    {
      "id": 11826,
      "amount": 1
    },
    {
      "id": 11830,
      "amount": 1
    },
    {
      "id": 22557,
      "amount": 1
    },
    {
      "id": 2577,
      "amount": 1
    },
    {
      "id": 11771,
      "amount": 1
    },
    {
      "id": 21820,
      "amount": 38
    },
    {
      "id": 526,
      "amount": 1
    },
    {
      "id": 6922,
      "amount": 1
    },
    {
      "id": 6914,
      "amount": 1
    },
    {
      "id": 15302,
      "amount": 0
    },
    {
      "id": 985,
      "amount": 1
    },
    {
      "id": 22586,
      "amount": 0
    },
    {
      "id": 15303,
      "amount": 0
    },
    {
      "id": 22328,
      "amount": 1
    },
    {
      "id": 12806,
      "amount": 1
    },
    {
      "id": 24567,
      "amount": 1
    },
    {
      "id": 11665,
      "amount": 0
    },
    {
      "id": 11664,
      "amount": 0
    },
    {
      "id": 11663,
      "amount": 0
    },
    {
      "id": 13072,
      "amount": 0
    },
    {
      "id": 13073,
      "amount": 0
    },
    {
      "id": 8842,
      "amount": 0
    },
    {
      "id": 2436,
      "amount": 20001
    },
    {
      "id": 2440,
      "amount": 20001
    },
    {
      "id": 2442,
      "amount": 20000
    },
    {
      "id": 2444,
      "amount": 19898
    },
    {
      "id": 3040,
      "amount": 20000
    },
    {
      "id": 10925,
      "amount": 19922
    },
    {
      "id": 3024,
      "amount": 20006
    },
    {
      "id": 6685,
      "amount": 19992
    },
    {
      "id": 145,
      "amount": 20000
    },
    {
      "id": 157,
      "amount": 20000
    },
    {
      "id": 163,
      "amount": 20000
    },
    {
      "id": 169,
      "amount": 20063
    },
    {
      "id": 3042,
      "amount": 20000
    },
    {
      "id": 10927,
      "amount": 20028
    },
    {
      "id": 3026,
      "amount": 20004
    },
    {
      "id": 6689,
      "amount": 20015
    },
    {
      "id": 147,
      "amount": 20000
    },
    {
      "id": 159,
      "amount": 20000
    },
    {
      "id": 165,
      "amount": 20000
    },
    {
      "id": 171,
      "amount": 20029
    },
    {
      "id": 3044,
      "amount": 20000
    },
    {
      "id": 10929,
      "amount": 20026
    },
    {
      "id": 3028,
      "amount": 20003
    },
    {
      "id": 6687,
      "amount": 20011
    },
    {
      "id": 149,
      "amount": 20000
    },
    {
      "id": 161,
      "amount": 20000
    },
    {
      "id": 167,
      "amount": 20000
    },
    {
      "id": 173,
      "amount": 20000
    },
    {
      "id": 3046,
      "amount": 20000
    },
    {
      "id": 10931,
      "amount": 20016
    },
    {
      "id": 3030,
      "amount": 20001
    },
    {
      "id": 6691,
      "amount": 20015
    },
    {
      "id": 385,
      "amount": 20011
    },
    {
      "id": 3144,
      "amount": 19991
    },
    {
      "id": 560,
      "amount": 20043184
    },
    {
      "id": 565,
      "amount": 20022526
    },
    {
      "id": 555,
      "amount": 20064776
    },
    {
      "id": 562,
      "amount": 20000000
    },
    {
      "id": 557,
      "amount": 20000000
    },
    {
      "id": 559,
      "amount": 40000000
    },
    {
      "id": 564,
      "amount": 20000000
    },
    {
      "id": 554,
      "amount": 20000000
    },
    {
      "id": 9075,
      "amount": 20000000
    },
    {
      "id": 556,
      "amount": 20000000
    },
    {
      "id": 563,
      "amount": 20000000
    },
    {
      "id": 566,
      "amount": 20000000
    },
    {
      "id": 561,
      "amount": 20000000
    },
    {
      "id": 9241,
      "amount": 20000
    },
    {
      "id": 9244,
      "amount": 57126
    },
    {
      "id": 9245,
      "amount": 20000
    },
    {
      "id": 9243,
      "amount": 20000
    },
    {
      "id": 9242,
      "amount": 20000
    },
    {
      "id": 892,
      "amount": 20000
    },
    {
      "id": 10828,
      "amount": 20017
    },
    {
      "id": 2412,
      "amount": 20018
    },
    {
      "id": 7458,
      "amount": 20000
    },
    {
      "id": 7462,
      "amount": 20018
    },
    {
      "id": 11978,
      "amount": 20016
    }
  ],
  "tabAmounts": [
    134,
    58,
    0,
    0,
    0,
    0,
    0,
    0,
    0,
    0
  ],
  "placeholdersActive": true,
  "placeHolderAmount": 160,
  "hashedBankPin": "No bank pin.",
  "bankPinLength": 0,
  "recoveryDelay": 3,
  "lootingBag": [
    {
      "id": 13307,
      "amount": 806
    }
  ],
  "askHowManyToStore": false,
  "storeAsMany": false,
  "runePouch": [
    null,
    null,
    null,
    null
  ],
  "nifflerItems": [],
  "sackOfPresentItems": [],
  "totalCartValue": 0,
  "cartItems": [],
  "newFriends": [
    "100000000000",
    "Eco",
    "Killer Clown",
    "Bishop",
    "Nft",
    "Bill Clittin",
    "Jimmyboi",
    "Zoo",
    "Wr3ckedyou",
    "Origin",
    "Last",
    "Crook"
  ],
  "newIgnores": [],
  "clan": "",
  "yellColour": "000000",
  "dontAskAgainEldritch": false,
  "dontAskAgainVolatile": false,
  "dontAskAgainHarmonised": false,
  "currencyCollection": false,
  "emptyPotionVials": false,
  "gold_ags_spec": false,
  "gold_bgs_spec": false,
  "gold_sgs_spec": false,
  "gold_zgs_spec": false,
  "xpLocked": false,
  "levelUpMessages": true,
  "enableDidYouKnow": true,
  "enableDebugMessages": true,
  "savePresetLevels": false,
  "openPresetsOnDeath": false,
  "savedDuelConfig": [
    false,
    false,
    false,
    false,
    false,
    false,
    false,
    false,
    false,
    false,
    false,
    false,
    false,
    false,
    false,
    false,
    false,
    false,
    false,
    false,
    false,
    false
  ],
  "autoRepairBrokenItems": false,
  "votePoints": 13,
  "pestControlPoints": 0,
  "slayerRewardPoints": 0,
  "targetPoints": 4,
  "eloRating": 1472,
  "bossPoints": 23,
  "riskzonePoints": 0,
  "tournamentPoints": 1,
  "teleportToTargetUnlocked": false,
  "preserve": false,
  "rigour": false,
  "augury": false,
  "botKills": 1,
  "botDeaths": 0,
  "kills": 15,
  "deaths": 2,
  "allTimeKills": 0,
  "allTimeDeaths": 0,
  "killstreak": 1,
  "highestKillstreak": 10,
  "wildernessStreak": 0,
  "shutdownRecord": 6,
  "recentKills": [
    "209.54.90.102"
  ],
  "firstKillOfTheDay": 1642362051125,
  "targetKills": 4,
  "kingBlackDragonsKilled": 0,
  "vetionsKilled": 0,
  "crazyArchaeologistsKilled": 0,
  "zulrahsKilled": 0,
  "alchysKilled": 0,
  "krakensKilled": 0,
  "revenantsKilled": 30,
  "ancientRevenantsKilled": 0,
  "iceDemonsKilled": 0,
  "elvargsKilled": 0,
  "lavaBeastsKilled": 0,
  "elFuegoKilled": 0,
  "derangedArchaeologistKilled": 8,
  "ancientKingBlackDragonsKilled": 0,
  "corruptedHunleffsKilled": 0,
  "ancientChaosElementalsKilled": 0,
  "ancientBarrelchestsKilled": 0,
  "kerberosKilled": 0,
  "arachneKilled": 0,
  "skorpiosKilled": 0,
  "artioKilled": 0,
  "jadsKilled": 0,
  "chaosElementalsKilled": 0,
  "demonicGorillasKilled": 0,
  "barrelchestsKilled": 1,
  "corporealBeastsKilled": 0,
  "abyssalSiresKilled": 0,
  "vorkathsKilled": 0,
  "lizardmanShamansKilled": 0,
  "barrowsChestsOpened": 0,
  "corruptedNechryarchsKilled": 0,
  "fluffysKilled": 0,
  "dementorsKilled": 0,
  "hungarianHorntailsKilled": 0,
  "fenrirGreybacksKilled": 0,
  "scorpiasKilled": 0,
  "callistosKilled": 0,
  "molesKilled": 0,
  "nightmaresKilled": 0,
  "rexKilled": 0,
  "primeKilled": 0,
  "supremeKilled": 0,
  "kalphiteQueensKilled": 0,
  "lavaDragonsKilled": 0,
  "skotizosKilled": 1,
  "zombieChampionsKilled": 0,
  "brutalLavaDragonsKilled": 0,
  "tektonsKilled": 0,
  "chaosFanaticsKilled": 0,
  "thermonuclearSmokeDevilKilled": 0,
  "venenatisKilled": 0,
  "aragogKC": 0,
  "chamberOfSecretRuns": 0,
  "smokeDevilKills": 0,
  "superiorCreatureKills": 0,
  "crawlingHandKills": 0,
  "caveBugKills": 0,
  "caveCrawlerKills": 0,
  "bansheeKills": 0,
  "caveSlimeKills": 0,
  "rockslugKills": 0,
  "desertLizardKills": 0,
  "cockatriceKills": 0,
  "pyrefiendKills": 0,
  "mogreKills": 0,
  "harpieBugSwarmKills": 0,
  "wallBeastKills": 0,
  "killerwattKills": 0,
  "molaniskKills": 0,
  "basiliskKills": 0,
  "seaSnakeKills": 0,
  "terrorDogKills": 0,
  "feverSpiderKills": 0,
  "infernalMageKills": 0,
  "brineRatKills": 0,
  "bloodveldKills": 0,
  "jellyKills": 0,
  "turothKills": 0,
  "zygomiteKills": 0,
  "caveHorrorKills": 0,
  "aberrantSpectreKills": 0,
  "spiritualWarriorKills": 0,
  "kuraskKills": 0,
  "skeletalWyvernKills": 0,
  "gargoyleKills": 0,
  "nechryaelKills": 0,
  "spiritualMageKills": 0,
  "abyssalDemonKills": 0,
  "caveKrakenKills": 0,
  "darkBeastKills": 0,
  "brutalBlackDragonKills": 0,
  "fossilIslandWyvernKills": 0,
  "wyrmKills": 0,
  "drakeKills": 0,
  "hydraKills": 0,
  "basiliskKnightKills": 0,
  "menInBlackKills": 0,
  "bossTimers": {},
  "recentTeleports": [
    "VETION",
    "SCORPIA",
    "DEMONIC_RUINS",
    "THE_GATE",
    "BARRELCHEST",
    "SHAMAN",
    "CHAOS_TEMPLE",
    "BLACK_CHINS",
    "REV_CAVES",
    "WEST_DRAGONS"
  ],
  "favoriteTeleports": [],
  "collectionLog": {
    "ARMOUR_MYSTERY_BOX": [
      {
        "id": 6918,
        "amount": 1
      },
      {
        "id": 10551,
        "amount": 2
      }
    ],
    "WEAPON_MYSTERY_BOX": [
      {
        "id": 11235,
        "amount": 1
      },
      {
        "id": 11808,
        "amount": 1
      },
      {
        "id": 12904,
        "amount": 1
      }
    ],
    "DONATOR_MYSTERY_BOX": [
      {
        "id": 12890,
        "amount": 1
      }
    ],
    "ENCHANTED_KEY_R": [
      {
        "id": 30042,
        "amount": 2
      },
      {
        "id": 12002,
        "amount": 1
      },
      {
        "id": 12831,
        "amount": 1
      },
      {
        "id": 24999,
        "amount": 1
      },
      {
        "id": 4447,
        "amount": 1
      }
    ],
    "LEGENDARY_MYSTERY_BOX": [
      {
        "id": 19544,
        "amount": 1
      },
      {
        "id": 12002,
        "amount": 1
      },
      {
        "id": 6585,
        "amount": 1
      },
      {
        "id": 619,
        "amount": 10
      }
    ]
  },
  "achievements": {
    "BARROWS_II": 0,
    "FIGHT_CAVES_I": 0,
    "FIGHT_CAVES_II": 0,
    "WHATS_IN_THE_BOX_I": 10,
    "CRYSTAL_LOOTER_III": 0,
    "SKILLER_IV": 0,
    "LARRANS_LOOTER_II": 0,
    "VORKY_I": 0,
    "HOLEY_MOLEY_III": 0,
    "DRAGON_SLAYER_IV": 0,
    "SKILLER_I": 0,
    "TSJERNOBYL_III": 0,
    "PET_TAMER_II": 0,
    "HOLEY_MOLEY_I": 0,
    "BOUNTY_HUNTER_I": 4,
    "ENCHANTED_LOOTER_R_III": 8,
    "VETION_I": 0,
    "FIGHT_CAVES_III": 0,
    "REVENANT_HUNTER_IV": 30,
    "BABY_ARAGOG_I": 0,
    "SNAKE_CHARMER_III": 0,
    "BLOODTHIRSTY_I": 0,
    "BUG_EXTERMINATOR_I": 0,
    "VETION_II": 0,
    "PURE_III": 0,
    "VOTE_FOR_US_III": 3,
    "DRAGON_SLAYER_II": 0,
    "DR_CURT_CONNORS_I": 0,
    "BEAR_GRYLLS_III": 0,
    "SURVIVOR_I": 0,
    "KEEP_IT_100_I": 3,
    "HOLEY_MOLEY_II": 0,
    "MAGE_ARENA_IV": 32,
    "PET_TAMER_I": 0,
    "TASK_MASTER_I": 0,
    "THIEF_IV": 0,
    "DHAROK_BOMBER_III": 0,
    "SQUIDWARD_II": 0,
    "THIEF_II": 0,
    "PURE_I": 0,
    "SKILLER_III": 0,
    "PVP_I": 14,
    "BEAR_GRYLLS_I": 0,
    "SQUIDWARD_III": 0,
    "TASK_MASTER_II": 0,
    "MASTER_THIEF": 0,
    "WHATS_IN_THE_BOX_II": 13,
    "FLUFFY_I": 0,
    "DRAGON_SLAYER_III": 0,
    "KEEP_IT_100_II": 3,
    "AMPUTEE_ANNIHILATION_II": 0,
    "DR_CURT_CONNORS_III": 0,
    "FLUFFY_II": 0,
    "AMPUTEE_ANNIHILATION_I": 0,
    "PUNCHING_BAGS_III": 0,
    "BARK_SCORPION_I": 0,
    "ULTIMATE_CHAOS_II": 0,
    "EXTREME_DEEP_WILD_I": 5,
    "PUNCHING_BAGS_II": 0,
    "LORD_OF_THE_RINGS_II": 0,
    "TSJERNOBYL_II": 0,
    "PVP_II": 14,
    "PVP_III": 14,
    "PUNCHING_BAGS_I": 0,
    "BARROWS_III": 0,
    "WHATS_IN_THE_BOX_III": 13,
    "CRYSTAL_LOOTER_II": 0,
    "ULTIMATE_CHAOS_I": 0,
    "CORPOREAL_CRITTER": 0,
    "TSJERNOBYL_I": 0,
    "PURE_IV": 0,
    "DR_CURT_CONNORS_II": 0,
    "THIEF_III": 0,
    "DEEP_WILD_III": 10,
    "ENCHANTED_LOOTER_R_II": 8,
    "DHAROK_BOMBER_I": 0,
    "DEEP_WILD_II": 10,
    "ENCHANTED_LOOTER_P_II": 0,
    "MOLTEN_LOOTER_II": 0,
    "SAND_CRAB_HUNTER": 0,
    "ZERKER_II": 0,
    "MAGE_ARENA_III": 32,
    "MOLTEN_LOOTER_III": 0,
    "MOLTEN_LOOTER_I": 0,
    "DRAGON_SLAYER_I": 0,
    "SQUIDWARD_I": 0,
    "EXTREME_DEEP_WILD_III": 5,
    "ENCHANTED_LOOTER_R_I": 8,
    "EXPERIMENTS_HUNTER": 0,
    "THIEF_I": 0,
    "REVENANT_HUNTER_I": 30,
    "VOTE_FOR_US_II": 3,
    "YAK_HUNTER": 0,
    "ENCHANTED_LOOTER_P_I": 0,
    "CRYSTAL_LOOTER_I": 0,
    "ULTIMATE_CHAOS_III": 0,
    "BLOODTHIRSTY_III": 0,
    "VETION_III": 0,
    "BOUNTY_HUNTER_III": 4,
    "ZERKER_I": 0,
    "SURVIVOR_II": 0,
    "AMPUTEE_ANNIHILATION_III": 0,
    "BARK_SCORPION_II": 0,
    "REVENANT_HUNTER_II": 30,
    "GODWAR": 0,
    "BLOODTHIRSTY_II": 0,
    "LARRANS_LOOTER_III": 0,
    "BEAR_GRYLLS_II": 0,
    "ENCHANTED_LOOTER_P_III": 0,
    "ZERKER_III": 0,
    "EXTREME_DEEP_WILD_II": 5,
    "SNAKE_CHARMER_I": 0,
    "PURE_II": 0,
    "ZERKER_IV": 0,
    "MAGE_ARENA_I": 32,
    "BARROWS_V": 0,
    "BARROWS_IV": 0,
    "COMPLETIONIST": 0,
    "LORD_OF_THE_RINGS_I": 0,
    "BARK_SCORPION_III": 0,
    "REVENANT_HUNTER_III": 30,
    "MAGE_ARENA_II": 32,
    "DHAROK_BOMBER_II": 0,
    "BARROWS_I": 0,
    "ROCK_CRAB_HUNTER": 0,
    "BABY_ARAGOG_II": 0,
    "SNAKE_CHARMER_II": 0,
    "VORKY_II": 0,
    "BOUNTY_HUNTER_II": 4,
    "KEEP_IT_100_III": 3,
    "SKILLER_II": 0,
    "DEEP_WILD_I": 10,
    "VOTE_FOR_US_I": 3,
    "VORKY_III": 0,
    "BUG_EXTERMINATOR_II": 0,
    "LARRANS_LOOTER_I": 0,
    "BABY_ARAGOG_III": 0,
    "TASK_MASTER_III": 0
  },
  "achievementsCompleted": 0,
  "antiFireResistant": false,
  "venomResistant": false,
  "rockyBalboaTitle": false,
  "task": "NONE",
  "taskAmount": 0,
  "taskCompletionAmount": 0,
  "totalTasksCompleted": 0,
  "canClaimTaskReward": false,
  "playerKillsWithoutLeavingWild": 0,
  "treasuresOpened": 0,
  "referalMilestone10hoursPassed": false,
  "referalMilestone1dayPassed": false,
  "referrerUsername": "",
  "referralsCount": 0,
  "databaseId": 9199,
  "referalMilestone3refs": false,
  "staminaTicks": 0,
  "overloadTicks": 0,
  "antifireTicks": 0,
  "superAntiFire": false,
  "larranKeysUsed": 0,
  "earningPotential": 315,
  "enchantedAGSAttempts": 0,
  "enchantedBGSAttempts": 0,
  "enchantedSGSAttempts": 0,
  "enchantedZGSAttempts": 0,
  "enchantedFuryAttempts": 0,
  "enchantedOccultAttempts": 0,
  "enchantedTortureAttempts": 0,
  "enchantedAnguishAttempts": 0,
  "enchantedBNeckAttempts": 0,
  "enchantedGmaulAttempts": 0,
  "enchantedTBraceAttempts": 0,
  "enchantedDDefAttempts": 0,
  "enchantedDBootsAttempts": 0,
  "enchantedRunePouchAttempts": 0,
  "enchantedDClawsAttempts": 0,
  "enchantedROMAttempts": 0,
  "enchantedROSAttempts": 0,
  "enchantedROPAttempts": 0,
  "enchantedROTAttempts": 0,
  "enchantedSlayerHelmIAttempts": 0,
  "enchantedGreenSlayerHelmIAttempts": 0,
  "enchantedTurquoiseSlayerHelmIAttempts": 0,
  "enchantedRedSlayerHelmIAttempts": 0,
  "enchantedBlackSlayerHelmIAttempts": 0,
  "enchantedTwistedSlayerHelmIAttempts": 0,
  "larransKeyIIAttempts": 0,
  "larransKeyIIIAttempts": 0,
  "blowpipeAttempts": 0,
  "twistedBowAttempts": 0,
  "ancestralHatAttempts": 0,
  "ancestralTopAttempts": 0,
  "ancestralBottomAttempts": 0,
  "primordialBootsAttempts": 0,
  "infernalCapeAttempts": 0,
  "sanguistiStaffAttempts": 0,
  "holyScytheAttempts": 0,
  "ghraziRapierAttempts": 0,
  "scytheOfViturAttempts": 0,
  "pegasianBootsAttempts": 0,
  "eternalBootsAttempts": 0,
  "viggorasChainmaceAttempts": 0,
  "crawsBowAttempts": 0,
  "thammaronsStaffAttempts": 0,
  "corruptedBootsAttempts": 0,
  "ancientFaceguardAttempts": 0,
  "toxicStaffOfTheDeadAttempts": 0,
  "presentsOpened": 0,
  "armourMysteryBoxesOpened": 3,
  "donatorMysteryBoxesOpened": 1,
  "legendaryMysteryBoxesOpened": 6,
  "petMysteryBoxesOpened": 0,
  "regularMysteryBoxesOpened": 0,
  "weaponMysteryBoxesOpened": 3,
  "presentMysteryBoxesOpened": 0,
  "moltenMysteryBoxesOpened": 0,
  "epicPetMysteryBoxesOpened": 0,
  "raidsMysteryBoxesOpened": 0,
  "zenyteMysteryBoxesOpened": 0,
  "mysteryChestsOpened": 0,
  "raresFromMysteryBox": 1,
  "slayerKeysOpened": 0,
  "slayerKeysReceived": 0,
  "doubleExpTicks": 0,
  "dropRateLampTicks": 0,
  "ethereumAbsorption": false,
  "jailed": 0,
  "jailOresToEscape": 0,
  "jailOresMined": 0,
  "locBeforeJail": {
    "x": 3092,
    "y": 3500,
    "level": 0,
    "firstChunkX": 386,
    "firstChunkY": 437
  },
  "tournamentWins": 1,
  "lostCannon": false,
  "wildernessCourseState": 0,
  "edgePvpDailyAmount": 3,
  "edgePvpDailyCompleted": false,
  "edgePvpDailyRewardClaimed": false,
  "revCavePvpDailyAmount": 0,
  "revCavePvpDailyCompleted": false,
  "revCavePvpDailyRewardClaimed": false,
  "deepWildPvpDailyAmount": 7,
  "deepWildPvpDailyCompleted": false,
  "deepWildPvpDailyRewardClaimed": false,
  "purePvpeDailyAmount": 0,
  "purePvpDailyCompleted": false,
  "purePvpDailyRewardClaimed": false,
  "zekerPvpDailyAmount": 0,
  "zekerPvpDailyCompleted": false,
  "zekerPVPDailyRewardClaimed": false,
  "tierUpgradePvpDailyAmount": 0,
  "tierUpgradePvpDailyCompleted": false,
  "tierUpgradePvpDailyRewardClaimed": false,
  "noArmPvpDailyAmount": 0,
  "noArmPvpDailyCompleted": false,
  "noArmPvpDailyRewardClaimed": false,
  "dharokPvpDailyAmount": 0,
  "dharokPvpDailyCompleted": false,
  "dharokPvpDailyRewardClaimed": false,
  "botsPvpDailyAmount": 0,
  "botsPvpDailyCompleted": false,
  "botsPvpDailyRewardClaimed": false,
  "tourneyParticipationDailyAmount": 1,
  "tourneyParticipationDailyCompleted": false,
  "tourneyParticipationDailyRewardClaimed": false,
  "dailyRaidsDailyAmount": 0,
  "dailyRaidsDailyCompleted": false,
  "dailyRaidsDailyRewardClaimed": false,
  "worldBossDailyDailyAmount": 3,
  "worldBossDailyDailyCompleted": true,
  "worldBossDailyRewardClaimed": true,
  "revenantsDailyAmount": 22,
  "revenantsDailyCompleted": false,
  "revenantsDailyRewardClaimed": false,
  "battleMageDailyAmount": 32,
  "battleMageDailyCompleted": false,
  "battleMageDailyRewardClaimed": false,
  "wildernessBossDailyAmount": 0,
  "wildernessBossDailyCompleted": false,
  "wildernessBossDailyRewardClaimed": false,
  "zulrahDailyAmount": 0,
  "zulrahDailyCompleted": false,
  "zulrahDailyRewardClaimed": false,
  "slayerDailyAmount": 0,
  "slayerDailyCompleted": false,
  "slayerDailyRewardClaimed": false,
  "corruptedNechryarchDailyAmount": 0,
  "corruptedNechryarchDailyCompleted": false,
  "corruptedNechryarchDailyRewardClaimed": false,
  "vorkathDailyAmount": 0,
  "vorkathDailyCompleted": false,
  "vorkathDailyRewardClaimed": false,
  "corporealBeastDailyAmount": 0,
  "corporealBeastDailyCompleted": false,
  "corporealBeastDailyRewardClaimed": false,
  "wildyRunnerDailyAmount": 0,
  "wildyRunnerDailyCompleted": false,
  "wildyRunnerDailyRewardClaimed": false,
  "alchemicalHydraLogClaimed": false,
  "ancientBarrelchestLogClaimed": false,
  "ancientChaosElementalLogClaimed": false,
  "ancientKingBlackDragonLogClaimed": false,
  "arachneLogClaimed": false,
  "artioLogClaimed": false,
  "barrelchestLogClaimed": false,
  "brutalLavaDragonLogClaimed": false,
  "callistoLogClaimed": false,
  "cerberusLogClaimed": false,
  "chaosElementalLogClaimed": false,
  "chaosFanaticLogClaimed": false,
  "corporealBeastLogClaimed": false,
  "corruptedNechryarchLogClaimed": false,
  "crazyArchaeologistLogClaimed": false,
  "demonicGorillaLogClaimed": false,
  "giantMoleLogClaimed": false,
  "kerberosLogClaimed": false,
  "kingBlackDragonLogClaimed": false,
  "krakenLogClaimed": false,
  "lavaDragonLogClaimed": false,
  "lizardmanShamanLogClaimed": false,
  "scorpiaLogClaimed": false,
  "skorpiosLogClaimed": false,
  "skotizoLogClaimed": false,
  "tektonLogClaimed": false,
  "thermonuclearSmokeDevilLogClaimed": false,
  "theNightmareLogClaimed": false,
  "corruptedHunleffLogClaimed": false,
  "menInBlackLogClaimed": false,
  "tztokJadLogClaimed": false,
  "venenatisLogClaimed": false,
  "vetionLogClaimed": false,
  "vorkathLogClaimed": false,
  "zombiesChampionLogClaimed": false,
  "zulrahLogClaimed": false,
  "armourMysteryBoxLogClaimed": false,
  "donatorMysteryBoxLogClaimed": false,
  "epicPetMysteryBoxLogClaimed": false,
  "mysteryChestLogClaimed": false,
  "raidsMysteryBoxLogClaimed": false,
  "weaponMysteryBoxLogClaimed": false,
  "legendaryMysteryBoxLogClaimed": false,
  "zenyteLogClaimed": false,
  "crystalKeyLogClaimed": false,
  "moltenKeyLogClaimed": false,
  "enchantedKeyRLogClaimed": false,
  "enchantedKeyPLogClaimed": false,
  "larransKeyTierILogClaimed": false,
  "larransKeyTierIILogClaimed": false,
  "larransKeyTierIIILogClaimed": false,
  "slayerKeyLogClaimed": false,
  "wildernessKeyLogClaimed": false,
  "ancientRevenantsLogClaimed": false,
  "chamberOfSecretsLogClaimed": false,
  "revenantsLogClaimed": false,
  "slayerLogClaimed": false,
  "lastDailyReset": 15,
  "finishedHalloweenDialogue": false,
  "candiesTraded": -1,
  "eventReward1Claimed": false,
  "eventReward2Claimed": false,
  "eventReward3Claimed": false,
  "eventReward4Claimed": false,
  "eventReward5Claimed": false,
  "eventReward6Claimed": false,
  "eventReward7Claimed": false,
  "eventReward8Claimed": false,
  "eventReward9Claimed": false,
  "eventReward10Claimed": false,
  "eventReward11Claimed": false,
  "eventReward12Claimed": false,
  "eventReward13Claimed": false,
  "eventReward14Claimed": false,
  "eventReward15Claimed": false,
  "eventReward16Claimed": false,
  "eventReward17Claimed": false,
  "eventReward18Claimed": false,
  "eventReward19Claimed": false,
  "eventReward20Claimed": false,
  "eventReward21Claimed": false,
  "eventReward22Claimed": false,
  "eventReward23Claimed": false,
  "eventReward24Claimed": false,
  "eventReward25Claimed": false,
  "eventReward26Claimed": false,
  "eventReward27Claimed": false,
  "eventReward28Claimed": false,
  "eventReward29Claimed": false,
  "eventReward30Claimed": false,
  "eventReward31Claimed": false,
  "eventReward32Claimed": false,
  "eventReward33Claimed": false,
  "eventReward34Claimed": false,
  "eventReward35Claimed": false,
  "eventReward36Claimed": false,
  "eventReward37Claimed": false,
  "eventReward38Claimed": false,
  "eventReward39Claimed": false,
  "eventReward40Claimed": false,
  "eventReward41Claimed": false,
  "eventReward42Claimed": false,
  "eventReward43Claimed": false,
  "eventReward44Claimed": false,
  "winterEventTokensSpent": 0,
  "herbBoxCharges": 0,
  "claimedDonatorRewards": false,
  "snowMonsterTimer": 0
}