{
  "username": "2much",
  "password": "$2a$10$MvkYyRLlE6WlJCLMYxlHEeNccYupTmPc1.wHPisoAHZDrV2Q6SQ0.",
  "title": "",
  "titleColor": "",
  "tile": {
    "x": 3086,
    "y": 3497,
    "level": 0,
    "firstChunkX": 385,
    "firstChunkY": 437
  },
  "gameTime": 1481108,
  "runEnergy": 100.0,
  "running": true,
  "playerRights": "PLAYER",
  "memberRights": "MEMBER",
  "gameMode": "INSTANT_PKER",
  "ironMode": "NONE",
  "darkLordLives": 3,
  "lastIP": "71.200.141.64",
  "mac": "28-B2-BD-84-E6-2B",
  "accountPin": 0,
  "askAccountPin": false,
  "accountPinAttemptsLeft": 5,
  "accountPinFrozenTicks": 0,
  "creationDate": "Aug 1, 2021, 08:09:25 AM",
  "creationIp": "71.200.141.64",
  "lastLogin": "Jan 13, 2022, 16:20:07 PM",
  "muted": false,
  "lastBMClaim": 0,
  "isCombatMaxed": false,
  "starterWeaponDamage": 0,
  "newPlayer": false,
  "isBetaTester": false,
  "veteran": false,
  "veteranGiftClaimed": false,
  "playtimeGiftClaimed": false,
  "gambler": false,
  "starterboxClaimed": false,
  "clanBoxOpened": false,
  "promoCodeClaimed": false,
  "receivedMonthlySponsorRewards": false,
  "receivedTopPkerReward": false,
  "topPkerPosition": 0,
  "female": false,
  "looks": [
    0,
    10,
    18,
    26,
    33,
    36,
    42
  ],
  "colors": [
    0,
    0,
    0,
    0,
    0
  ],
  "spellBook": "ANCIENT",
  "fightType": "UNARMED_KICK",
  "fightTypeVarp": 43,
  "fightTypeVarpState": 1,
  "autoRetaliate": true,
  "previousSpellbook": "NORMAL",
  "venomTicks": 0,
  "poisonTicks": 0,
  "specPercentage": 100,
  "recoilCharges": 40,
  "targetSearchTimer": 0,
  "specialAttackRestoreTimer": 0,
  "skullTimer": 8,
  "skullType": "WHITE_SKULL",
  "quickPrayers": [
    null,
    null,
    null,
    null,
    null,
    null,
    null,
    null,
    null,
    null,
    "PROTECT_ITEM",
    null,
    null,
    null,
    null,
    null,
    null,
    null,
    null,
    null,
    null,
    null,
    null,
    "SMITE",
    null,
    null,
    "PIETY",
    null,
    null
  ],
  "presets": [
    {
      "name": "Wildy Key",
      "inventory": [
        {
          "id": 12492,
          "amount": 1
        },
        {
          "id": 12494,
          "amount": 1
        },
        {
          "id": 8850,
          "amount": 1
        },
        {
          "id": 1079,
          "amount": 1
        },
        {
          "id": 9185,
          "amount": 1
        },
        {
          "id": 5698,
          "amount": 1
        },
        {
          "id": 12695,
          "amount": 1
        },
        {
          "id": 10925,
          "amount": 1
        },
        {
          "id": 6685,
          "amount": 1
        },
        {
          "id": 6685,
          "amount": 1
        },
        {
          "id": 12625,
          "amount": 1
        },
        {
          "id": 10925,
          "amount": 1
        },
        {
          "id": 6685,
          "amount": 1
        },
        {
          "id": 21015,
          "amount": 1
        },
        {
          "id": 12625,
          "amount": 1
        },
        {
          "id": 10925,
          "amount": 1
        },
        {
          "id": 13441,
          "amount": 1
        },
        {
          "id": 13441,
          "amount": 1
        },
        {
          "id": 13441,
          "amount": 1
        },
        {
          "id": 13441,
          "amount": 1
        },
        {
          "id": 13441,
          "amount": 1
        },
        {
          "id": 13441,
          "amount": 1
        },
        {
          "id": 13441,
          "amount": 1
        },
        {
          "id": 13441,
          "amount": 1
        },
        {
          "id": 13441,
          "amount": 1
        },
        {
          "id": 560,
          "amount": 1200
        },
        {
          "id": 565,
          "amount": 600
        },
        {
          "id": 555,
          "amount": 1800
        }
      ],
      "equipment": [
        {
          "id": 10828,
          "amount": 1
        },
        {
          "id": 21791,
          "amount": 1
        },
        {
          "id": 11978,
          "amount": 1
        },
        {
          "id": 6914,
          "amount": 1
        },
        {
          "id": 4091,
          "amount": 1
        },
        {
          "id": 12829,
          "amount": 1
        },
        {
          "id": 4093,
          "amount": 1
        },
        {
          "id": 7462,
          "amount": 1
        },
        {
          "id": 3105,
          "amount": 1
        },
        {
          "id": 9244,
          "amount": 92
        }
      ],
      "stats": [
        99,
        99,
        99,
        99,
        99,
        99,
        99
      ],
      "spellbook": "ANCIENT",
      "index": 0,
      "isGlobal": false,
      "runePouch": []
    },
    {
      "name": "Void C Bow Rev",
      "inventory": [
        {
          "id": 2444,
          "amount": 1
        },
        {
          "id": 2444,
          "amount": 1
        },
        {
          "id": 10925,
          "amount": 1
        },
        {
          "id": 10925,
          "amount": 1
        },
        {
          "id": 10925,
          "amount": 1
        },
        {
          "id": 10925,
          "amount": 1
        },
        {
          "id": 10925,
          "amount": 1
        },
        {
          "id": 6685,
          "amount": 1
        },
        {
          "id": 6685,
          "amount": 1
        },
        {
          "id": 13441,
          "amount": 1
        },
        {
          "id": 13441,
          "amount": 1
        },
        {
          "id": 13441,
          "amount": 1
        },
        {
          "id": 13441,
          "amount": 1
        },
        {
          "id": 13441,
          "amount": 1
        },
        {
          "id": 13441,
          "amount": 1
        },
        {
          "id": 13441,
          "amount": 1
        },
        {
          "id": 13441,
          "amount": 1
        },
        {
          "id": 13441,
          "amount": 1
        },
        {
          "id": 13441,
          "amount": 1
        },
        {
          "id": 13441,
          "amount": 1
        },
        {
          "id": 13441,
          "amount": 1
        },
        {
          "id": 13441,
          "amount": 1
        },
        {
          "id": 13441,
          "amount": 1
        },
        {
          "id": 13441,
          "amount": 1
        },
        {
          "id": 13441,
          "amount": 1
        },
        {
          "id": 13441,
          "amount": 1
        },
        {
          "id": 13441,
          "amount": 1
        },
        {
          "id": 13441,
          "amount": 1
        }
      ],
      "equipment": [
        {
          "id": 11664,
          "amount": 1
        },
        {
          "id": 10499,
          "amount": 1
        },
        {
          "id": 11978,
          "amount": 1
        },
        {
          "id": 22550,
          "amount": 1
        },
        {
          "id": 13072,
          "amount": 1
        },
        {
          "id": 13073,
          "amount": 1
        },
        {
          "id": 8842,
          "amount": 1
        },
        {
          "id": 11840,
          "amount": 1
        },
        {
          "id": 21944,
          "amount": 44
        }
      ],
      "stats": [
        99,
        99,
        99,
        99,
        99,
        99,
        99
      ],
      "spellbook": "ANCIENT",
      "index": 1,
      "isGlobal": false,
      "runePouch": []
    },
    {
      "name": "Raids",
      "inventory": [
        {
          "id": 10499,
          "amount": 1
        },
        {
          "id": 12926,
          "amount": 1
        },
        {
          "id": 11733,
          "amount": 1
        },
        {
          "id": 11664,
          "amount": 1
        },
        {
          "id": 6687,
          "amount": 1
        },
        {
          "id": 229,
          "amount": 1
        },
        {
          "id": 229,
          "amount": 1
        },
        {
          "id": 6685,
          "amount": 1
        },
        {
          "id": 13237,
          "amount": 1
        },
        {
          "id": 6689,
          "amount": 1
        },
        {
          "id": 229,
          "amount": 1
        },
        {
          "id": 6685,
          "amount": 1
        },
        {
          "id": 229,
          "amount": 1
        },
        {
          "id": 11771,
          "amount": 1
        },
        {
          "id": 229,
          "amount": 1
        },
        {
          "id": 229,
          "amount": 1
        },
        {
          "id": 6685,
          "amount": 1
        },
        {
          "id": 229,
          "amount": 1
        },
        {
          "id": 10925,
          "amount": 1
        },
        {
          "id": 10927,
          "amount": 1
        },
        {
          "id": 10931,
          "amount": 1
        },
        {
          "id": 10925,
          "amount": 1
        },
        {
          "id": 10925,
          "amount": 1
        },
        {
          "id": 10925,
          "amount": 1
        },
        {
          "id": 10925,
          "amount": 1
        },
        {
          "id": 12791,
          "amount": 1
        }
      ],
      "equipment": [
        {
          "id": 11663,
          "amount": 1
        },
        {
          "id": 21793,
          "amount": 1
        },
        {
          "id": 12436,
          "amount": 1
        },
        {
          "id": 21006,
          "amount": 1
        },
        {
          "id": 13072,
          "amount": 1
        },
        {
          "id": 21633,
          "amount": 1
        },
        {
          "id": 13073,
          "amount": 1
        },
        {
          "id": 8842,
          "amount": 1
        }
      ],
      "stats": [
        99,
        99,
        99,
        99,
        99,
        99,
        99
      ],
      "spellbook": "ANCIENT",
      "index": 2,
      "isGlobal": false,
      "runePouch": [
        {
          "id": 566,
          "amount": 15837
        },
        {
          "id": 565,
          "amount": 15348
        },
        {
          "id": 560,
          "amount": 15348
        }
      ]
    },
    {
      "name": "85 Rev",
      "inventory": [
        {
          "id": 4091,
          "amount": 1
        },
        {
          "id": 4093,
          "amount": 1
        },
        {
          "id": 24607,
          "amount": 17
        },
        {
          "id": 3024,
          "amount": 1
        },
        {
          "id": 4675,
          "amount": 1
        },
        {
          "id": 5698,
          "amount": 1
        },
        {
          "id": 12697,
          "amount": 1
        },
        {
          "id": 3024,
          "amount": 1
        },
        {
          "id": 3144,
          "amount": 1
        },
        {
          "id": 13441,
          "amount": 1
        },
        {
          "id": 13441,
          "amount": 1
        },
        {
          "id": 6685,
          "amount": 1
        },
        {
          "id": 3144,
          "amount": 1
        },
        {
          "id": 13441,
          "amount": 1
        },
        {
          "id": 13441,
          "amount": 1
        },
        {
          "id": 13441,
          "amount": 1
        },
        {
          "id": 3144,
          "amount": 1
        },
        {
          "id": 13441,
          "amount": 1
        },
        {
          "id": 13441,
          "amount": 1
        },
        {
          "id": 13441,
          "amount": 1
        },
        {
          "id": 3144,
          "amount": 1
        },
        {
          "id": 13441,
          "amount": 1
        },
        {
          "id": 13441,
          "amount": 1
        },
        {
          "id": 13441,
          "amount": 1
        },
        {
          "id": 13441,
          "amount": 1
        },
        {
          "id": 13441,
          "amount": 1
        },
        {
          "id": 13441,
          "amount": 1
        },
        {
          "id": 13441,
          "amount": 1
        }
      ],
      "equipment": [
        {
          "id": 3751,
          "amount": 1
        },
        {
          "id": 10499,
          "amount": 1
        },
        {
          "id": 11978,
          "amount": 1
        },
        {
          "id": 9185,
          "amount": 1
        },
        {
          "id": 2503,
          "amount": 1
        },
        {
          "id": 8850,
          "amount": 1
        },
        {
          "id": 1079,
          "amount": 1
        },
        {
          "id": 7462,
          "amount": 1
        },
        {
          "id": 3105,
          "amount": 1
        },
        {
          "id": 9244,
          "amount": 159
        }
      ],
      "stats": [
        60,
        45,
        99,
        66,
        99,
        52,
        99
      ],
      "spellbook": "ANCIENT",
      "index": 3,
      "isGlobal": false,
      "runePouch": []
    },
    {
      "name": "D R U Nk",
      "inventory": [
        {
          "id": 4751,
          "amount": 1
        },
        {
          "id": 4736,
          "amount": 1
        },
        {
          "id": 2444,
          "amount": 1
        },
        {
          "id": 12695,
          "amount": 1
        },
        {
          "id": 10499,
          "amount": 1
        },
        {
          "id": 11785,
          "amount": 1
        },
        {
          "id": 6685,
          "amount": 1
        },
        {
          "id": 6685,
          "amount": 1
        },
        {
          "id": 3144,
          "amount": 1
        },
        {
          "id": 13441,
          "amount": 1
        },
        {
          "id": 10925,
          "amount": 1
        },
        {
          "id": 10925,
          "amount": 1
        },
        {
          "id": 3144,
          "amount": 1
        },
        {
          "id": 13441,
          "amount": 1
        },
        {
          "id": 13441,
          "amount": 1
        },
        {
          "id": 13441,
          "amount": 1
        },
        {
          "id": 3144,
          "amount": 1
        },
        {
          "id": 13441,
          "amount": 1
        },
        {
          "id": 13441,
          "amount": 1
        },
        {
          "id": 13441,
          "amount": 1
        },
        {
          "id": 24995,
          "amount": 1
        },
        {
          "id": 12954,
          "amount": 1
        },
        {
          "id": 13441,
          "amount": 1
        },
        {
          "id": 13441,
          "amount": 1
        },
        {
          "id": 3144,
          "amount": 1
        },
        {
          "id": 13441,
          "amount": 1
        },
        {
          "id": 13441,
          "amount": 1
        },
        {
          "id": 24607,
          "amount": 50
        }
      ],
      "equipment": [
        {
          "id": 24444,
          "amount": 1
        },
        {
          "id": 21295,
          "amount": 1
        },
        {
          "id": 11978,
          "amount": 1
        },
        {
          "id": 12904,
          "amount": 1
        },
        {
          "id": 4712,
          "amount": 1
        },
        {
          "id": 12829,
          "amount": 1
        },
        {
          "id": 4714,
          "amount": 1
        },
        {
          "id": 7462,
          "amount": 1
        },
        {
          "id": 6920,
          "amount": 1
        },
        {
          "id": 21948,
          "amount": 49
        }
      ],
      "stats": [
        99,
        99,
        99,
        99,
        99,
        99,
        99
      ],
      "spellbook": "ANCIENT",
      "index": 4,
      "isGlobal": false,
      "runePouch": []
    },
    {
      "name": "Lava",
      "inventory": [
        {
          "id": 10925,
          "amount": 1
        },
        {
          "id": 10925,
          "amount": 1
        },
        {
          "id": 10925,
          "amount": 1
        },
        {
          "id": 10925,
          "amount": 1
        },
        {
          "id": 10925,
          "amount": 1
        },
        {
          "id": 10925,
          "amount": 1
        },
        {
          "id": 10925,
          "amount": 1
        },
        {
          "id": 10925,
          "amount": 1
        },
        {
          "id": 10925,
          "amount": 1
        },
        {
          "id": 10925,
          "amount": 1
        },
        {
          "id": 10925,
          "amount": 1
        },
        {
          "id": 10925,
          "amount": 1
        },
        {
          "id": 10925,
          "amount": 1
        },
        {
          "id": 10925,
          "amount": 1
        },
        {
          "id": 4587,
          "amount": 1
        },
        {
          "id": 6685,
          "amount": 1
        },
        {
          "id": 6685,
          "amount": 1
        },
        {
          "id": 6685,
          "amount": 1
        },
        {
          "id": 6685,
          "amount": 1
        },
        {
          "id": 6685,
          "amount": 1
        },
        {
          "id": 6685,
          "amount": 1
        },
        {
          "id": 6685,
          "amount": 1
        },
        {
          "id": 13441,
          "amount": 1
        },
        {
          "id": 13441,
          "amount": 1
        },
        {
          "id": 13441,
          "amount": 1
        },
        {
          "id": 13441,
          "amount": 1
        },
        {
          "id": 13441,
          "amount": 1
        },
        {
          "id": 13441,
          "amount": 1
        }
      ],
      "equipment": [
        {
          "id": 11664,
          "amount": 1
        },
        {
          "id": 10499,
          "amount": 1
        },
        {
          "id": 11978,
          "amount": 1
        },
        {
          "id": 9185,
          "amount": 1
        },
        {
          "id": 13072,
          "amount": 1
        },
        {
          "id": 12829,
          "amount": 1
        },
        {
          "id": 13073,
          "amount": 1
        },
        {
          "id": 8842,
          "amount": 1
        },
        {
          "id": 3105,
          "amount": 1
        },
        {
          "id": 9244,
          "amount": 64
        }
      ],
      "stats": [
        99,
        99,
        99,
        99,
        99,
        99,
        99
      ],
      "spellbook": "ANCIENT",
      "index": 5,
      "isGlobal": false,
      "runePouch": []
    },
    null,
    null,
    null,
    null,
    null,
    null,
    null,
    null,
    null,
    null,
    null,
    null,
    null,
    null
  ],
  "lastPreset": [
    false,
    5.0
  ],
  "specialTeleblockTimer": 0,
  "totalAmountPaid": 10.0,
  "promoPaymentAmount": 0.0,
  "promoItemsClaimed": 0,
  "memberUnlocked": true,
  "superMemberUnlocked": false,
  "eliteMemberUnlocked": false,
  "extremeMemberUnlocked": false,
  "legendaryMemberUnlocked": false,
  "vipUnlocked": false,
  "sponsorMemberUnlocked": false,
  "dynamicLevels": [
    94,
    111,
    94,
    99,
    94,
    31,
    94,
    1,
    1,
    1,
    1,
    1,
    1,
    87,
    61,
    1,
    5,
    1,
    89,
    1,
    1,
    1,
    1
  ],
  "skillXP": [
    1.3034431E7,
    1.3034431E7,
    1.3034431E7,
    1.3034431E7,
    1.3034431E7,
    1.3035331E7,
    1.3034431E7,
    0.0,
    0.0,
    0.0,
    0.0,
    0.0,
    0.0,
    3985872.0,
    306500.0,
    0.0,
    480.0,
    0.0,
    4924550.0,
    0.0,
    0.0,
    0.0,
    0.0
  ],
  "activePetItemId": 0,
  "unlockedPets": [
    6102
  ],
  "insuredPets": [],
  "slayerTaskId": 99,
  "slayerTaskAmount": 34,
  "slayerMasterId": 0,
  "slayerTaskStreak": 1,
  "slayerTaskStreakRecord": 0,
  "completedSlayerTasks": 1,
  "wildernessSlayerActive": false,
  "wildernessSlayerDescribed": false,
  "slayerPartner": "None",
  "blockedSlayerTasks": [],
  "slayerUnlocks": {},
  "slayerExtensionsList": {},
  "inventory": [
    {
      "id": 10925,
      "amount": 1
    },
    {
      "id": 10925,
      "amount": 1
    },
    {
      "id": 10927,
      "amount": 1
    },
    {
      "id": 10925,
      "amount": 1
    },
    {
      "id": 10925,
      "amount": 1
    },
    {
      "id": 10925,
      "amount": 1
    },
    {
      "id": 10925,
      "amount": 1
    },
    {
      "id": 10925,
      "amount": 1
    },
    {
      "id": 10925,
      "amount": 1
    },
    {
      "id": 10925,
      "amount": 1
    },
    {
      "id": 10925,
      "amount": 1
    },
    {
      "id": 10929,
      "amount": 1
    },
    {
      "id": 10925,
      "amount": 1
    },
    {
      "id": 10925,
      "amount": 1
    },
    {
      "id": 4587,
      "amount": 1
    },
    {
      "id": 6691,
      "amount": 1
    },
    {
      "id": 6685,
      "amount": 1
    },
    {
      "id": 6685,
      "amount": 1
    },
    {
      "id": 6685,
      "amount": 1
    },
    {
      "id": 6687,
      "amount": 1
    },
    {
      "id": 6685,
      "amount": 1
    },
    {
      "id": 6685,
      "amount": 1
    },
    {
      "id": 13307,
      "amount": 10386
    },
    {
      "id": 9185,
      "amount": 1
    },
    null,
    null,
    null,
    null
  ],
  "equipment": [
    {
      "id": 11664,
      "amount": 1
    },
    {
      "id": 10499,
      "amount": 1
    },
    {
      "id": 11978,
      "amount": 1
    },
    {
      "id": 4083,
      "amount": 1
    },
    {
      "id": 13072,
      "amount": 1
    },
    {
      "id": 12829,
      "amount": 1
    },
    null,
    {
      "id": 13073,
      "amount": 1
    },
    null,
    {
      "id": 8842,
      "amount": 1
    },
    {
      "id": 3105,
      "amount": 1
    },
    null,
    null,
    {
      "id": 9244,
      "amount": 64
    }
  ],
  "bank": [
    {
      "id": 4587,
      "amount": 20008
    },
    {
      "id": 1215,
      "amount": 20000
    },
    {
      "id": 4089,
      "amount": 20000
    },
    {
      "id": 4109,
      "amount": 20000
    },
    {
      "id": 4099,
      "amount": 20000
    },
    {
      "id": 7400,
      "amount": 20000
    },
    {
      "id": 3755,
      "amount": 20000
    },
    {
      "id": 1163,
      "amount": 20000
    },
    {
      "id": 1305,
      "amount": 20000
    },
    {
      "id": 4675,
      "amount": 20035
    },
    {
      "id": 4091,
      "amount": 20034
    },
    {
      "id": 4111,
      "amount": 20000
    },
    {
      "id": 4101,
      "amount": 20000
    },
    {
      "id": 7399,
      "amount": 20000
    },
    {
      "id": 3751,
      "amount": 20004
    },
    {
      "id": 1127,
      "amount": 20001
    },
    {
      "id": 1434,
      "amount": 20000
    },
    {
      "id": 9185,
      "amount": 20052
    },
    {
      "id": 4093,
      "amount": 20034
    },
    {
      "id": 4113,
      "amount": 20000
    },
    {
      "id": 4103,
      "amount": 20000
    },
    {
      "id": 7398,
      "amount": 20000
    },
    {
      "id": 3753,
      "amount": 20000
    },
    {
      "id": 1079,
      "amount": 20034
    },
    {
      "id": 5698,
      "amount": 20051
    },
    {
      "id": 10499,
      "amount": 20105
    },
    {
      "id": 4097,
      "amount": 20000
    },
    {
      "id": 4117,
      "amount": 20000
    },
    {
      "id": 4107,
      "amount": 20000
    },
    {
      "id": 2579,
      "amount": 20000
    },
    {
      "id": 3749,
      "amount": 19998
    },
    {
      "id": 4131,
      "amount": 20000
    },
    {
      "id": 2503,
      "amount": 20031
    },
    {
      "id": 2497,
      "amount": 20013
    },
    {
      "id": 12492,
      "amount": 19999
    },
    {
      "id": 12508,
      "amount": 20000
    },
    {
      "id": 12500,
      "amount": 20001
    },
    {
      "id": 3105,
      "amount": 20063
    },
    {
      "id": 1093,
      "amount": 19999
    },
    {
      "id": 1201,
      "amount": 19999
    },
    {
      "id": 3842,
      "amount": 20006
    },
    {
      "id": 12612,
      "amount": 20000
    },
    {
      "id": 12494,
      "amount": 20000
    },
    {
      "id": 12510,
      "amount": 20000
    },
    {
      "id": 12502,
      "amount": 20000
    },
    {
      "id": 6108,
      "amount": 20013
    },
    {
      "id": 6107,
      "amount": 20011
    },
    {
      "id": 6109,
      "amount": 20000
    },
    {
      "id": 14479,
      "amount": 1
    },
    {
      "id": 8850,
      "amount": 38
    },
    {
      "id": 13441,
      "amount": 1773
    },
    {
      "id": 12829,
      "amount": 62
    },
    {
      "id": 4755,
      "amount": 1
    },
    {
      "id": 22804,
      "amount": 106
    },
    {
      "id": 20849,
      "amount": 82
    },
    {
      "id": 21820,
      "amount": 2972
    },
    {
      "id": 5952,
      "amount": 114
    },
    {
      "id": 21880,
      "amount": 49998
    },
    {
      "id": 662,
      "amount": 3
    },
    {
      "id": 30123,
      "amount": 10
    },
    {
      "id": 30122,
      "amount": 9
    },
    {
      "id": 30125,
      "amount": 8
    },
    {
      "id": 6570,
      "amount": 28
    },
    {
      "id": 12625,
      "amount": 144
    },
    {
      "id": 30124,
      "amount": 2
    },
    {
      "id": 21978,
      "amount": 6
    },
    {
      "id": 21944,
      "amount": 896
    },
    {
      "id": 21948,
      "amount": 70
    },
    {
      "id": 15301,
      "amount": 2
    },
    {
      "id": 4151,
      "amount": 1
    },
    {
      "id": 12627,
      "amount": 4
    },
    {
      "id": 11212,
      "amount": 1000000
    },
    {
      "id": 12695,
      "amount": 29
    },
    {
      "id": 13307,
      "amount": 136936
    },
    {
      "id": 19484,
      "amount": 10
    },
    {
      "id": 542,
      "amount": 1
    },
    {
      "id": 2414,
      "amount": 1
    },
    {
      "id": 23688,
      "amount": 1
    },
    {
      "id": 23685,
      "amount": 1
    },
    {
      "id": 11770,
      "amount": 0
    },
    {
      "id": 229,
      "amount": 53
    },
    {
      "id": 12697,
      "amount": 2
    },
    {
      "id": 6922,
      "amount": 0
    },
    {
      "id": 21047,
      "amount": 1
    },
    {
      "id": 11733,
      "amount": 0
    },
    {
      "id": 12791,
      "amount": 1
    },
    {
      "id": 20834,
      "amount": 1
    },
    {
      "id": 28000,
      "amount": 1
    },
    {
      "id": 11840,
      "amount": 4
    },
    {
      "id": 11283,
      "amount": 1
    },
    {
      "id": 11665,
      "amount": 1
    },
    {
      "id": 10551,
      "amount": 1
    },
    {
      "id": 12954,
      "amount": 1
    },
    {
      "id": 4712,
      "amount": 1
    },
    {
      "id": 4714,
      "amount": 1
    },
    {
      "id": 6920,
      "amount": 1
    },
    {
      "id": 30029,
      "amount": 1
    },
    {
      "id": 21791,
      "amount": 1
    },
    {
      "id": 2436,
      "amount": 20008
    },
    {
      "id": 2440,
      "amount": 20008
    },
    {
      "id": 2442,
      "amount": 20000
    },
    {
      "id": 2444,
      "amount": 20017
    },
    {
      "id": 3040,
      "amount": 20004
    },
    {
      "id": 10925,
      "amount": 20054
    },
    {
      "id": 3024,
      "amount": 19970
    },
    {
      "id": 6685,
      "amount": 20129
    },
    {
      "id": 145,
      "amount": 20000
    },
    {
      "id": 157,
      "amount": 20000
    },
    {
      "id": 163,
      "amount": 20000
    },
    {
      "id": 169,
      "amount": 20030
    },
    {
      "id": 3042,
      "amount": 20005
    },
    {
      "id": 10927,
      "amount": 20068
    },
    {
      "id": 3026,
      "amount": 20038
    },
    {
      "id": 6689,
      "amount": 20005
    },
    {
      "id": 147,
      "amount": 20000
    },
    {
      "id": 159,
      "amount": 20000
    },
    {
      "id": 165,
      "amount": 20000
    },
    {
      "id": 171,
      "amount": 20020
    },
    {
      "id": 3044,
      "amount": 20003
    },
    {
      "id": 10929,
      "amount": 20066
    },
    {
      "id": 3028,
      "amount": 20024
    },
    {
      "id": 6687,
      "amount": 20014
    },
    {
      "id": 149,
      "amount": 20000
    },
    {
      "id": 161,
      "amount": 20000
    },
    {
      "id": 167,
      "amount": 20000
    },
    {
      "id": 173,
      "amount": 20018
    },
    {
      "id": 3046,
      "amount": 20002
    },
    {
      "id": 10931,
      "amount": 20032
    },
    {
      "id": 3030,
      "amount": 20020
    },
    {
      "id": 6691,
      "amount": 20011
    },
    {
      "id": 385,
      "amount": 20103
    },
    {
      "id": 3144,
      "amount": 20076
    },
    {
      "id": 560,
      "amount": 22431076
    },
    {
      "id": 565,
      "amount": 22304558
    },
    {
      "id": 555,
      "amount": 21368208
    },
    {
      "id": 562,
      "amount": 20000198
    },
    {
      "id": 557,
      "amount": 20001950
    },
    {
      "id": 559,
      "amount": 40000000
    },
    {
      "id": 564,
      "amount": 20000000
    },
    {
      "id": 554,
      "amount": 20050000
    },
    {
      "id": 9075,
      "amount": 20000780
    },
    {
      "id": 556,
      "amount": 20049986
    },
    {
      "id": 563,
      "amount": 20000198
    },
    {
      "id": 566,
      "amount": 19983223
    },
    {
      "id": 561,
      "amount": 20000000
    },
    {
      "id": 9244,
      "amount": 132129
    },
    {
      "id": 9245,
      "amount": 20000
    },
    {
      "id": 892,
      "amount": 20000
    },
    {
      "id": 10828,
      "amount": 20045
    },
    {
      "id": 2412,
      "amount": 20003
    },
    {
      "id": 7458,
      "amount": 20013
    },
    {
      "id": 7462,
      "amount": 20064
    },
    {
      "id": 11978,
      "amount": 20108
    },
    {
      "id": 22653,
      "amount": 0
    },
    {
      "id": 22656,
      "amount": 0
    },
    {
      "id": 22650,
      "amount": 0
    },
    {
      "id": 22647,
      "amount": 0
    },
    {
      "id": 24995,
      "amount": 0
    },
    {
      "id": 22613,
      "amount": 0
    },
    {
      "id": 22616,
      "amount": 0
    },
    {
      "id": 22625,
      "amount": 0
    },
    {
      "id": 22628,
      "amount": 0
    },
    {
      "id": 22622,
      "amount": 0
    },
    {
      "id": 22644,
      "amount": 0
    },
    {
      "id": 22641,
      "amount": 0
    },
    {
      "id": 22638,
      "amount": 0
    },
    {
      "id": 22636,
      "amount": 4
    },
    {
      "id": 22610,
      "amount": 0
    },
    {
      "id": 22634,
      "amount": 555
    },
    {
      "id": 22631,
      "amount": 0
    },
    {
      "id": 24996,
      "amount": 0
    },
    {
      "id": 12699,
      "amount": 5
    },
    {
      "id": 12701,
      "amount": 1
    },
    {
      "id": 28015,
      "amount": 1
    },
    {
      "id": 28013,
      "amount": 1
    },
    {
      "id": 28014,
      "amount": 1
    },
    {
      "id": 30235,
      "amount": 0
    },
    {
      "id": 20035,
      "amount": 0
    },
    {
      "id": 619,
      "amount": 0
    },
    {
      "id": 20101,
      "amount": 0
    },
    {
      "id": 526,
      "amount": 1
    },
    {
      "id": 20047,
      "amount": 1
    },
    {
      "id": 11802,
      "amount": 0
    },
    {
      "id": 22555,
      "amount": 0
    },
    {
      "id": 30229,
      "amount": 0
    },
    {
      "id": 30234,
      "amount": 0
    },
    {
      "id": 12931,
      "amount": 0
    },
    {
      "id": 13235,
      "amount": 0
    },
    {
      "id": 13237,
      "amount": 0
    },
    {
      "id": 13239,
      "amount": 0
    },
    {
      "id": 19553,
      "amount": 0
    },
    {
      "id": 6585,
      "amount": 4
    },
    {
      "id": 12002,
      "amount": 0
    },
    {
      "id": 12436,
      "amount": 0
    },
    {
      "id": 11785,
      "amount": 0
    },
    {
      "id": 22296,
      "amount": 0
    },
    {
      "id": 6914,
      "amount": 0
    },
    {
      "id": 21633,
      "amount": 0
    },
    {
      "id": 11663,
      "amount": 1
    },
    {
      "id": 8839,
      "amount": 1
    },
    {
      "id": 8840,
      "amount": 1
    },
    {
      "id": 6737,
      "amount": 0
    },
    {
      "id": 22981,
      "amount": 0
    },
    {
      "id": 12006,
      "amount": 2
    },
    {
      "id": 30233,
      "amount": 0
    },
    {
      "id": 22545,
      "amount": 0
    },
    {
      "id": 11834,
      "amount": 0
    },
    {
      "id": 4753,
      "amount": 0
    },
    {
      "id": 4757,
      "amount": 0
    },
    {
      "id": 4718,
      "amount": 1
    },
    {
      "id": 11824,
      "amount": 3
    },
    {
      "id": 24225,
      "amount": 1
    },
    {
      "id": 21015,
      "amount": 0
    },
    {
      "id": 21006,
      "amount": 0
    },
    {
      "id": 4732,
      "amount": 0
    },
    {
      "id": 4736,
      "amount": 0
    },
    {
      "id": 4738,
      "amount": 0
    },
    {
      "id": 19478,
      "amount": 0
    },
    {
      "id": 12873,
      "amount": 0
    },
    {
      "id": 11286,
      "amount": 0
    },
    {
      "id": 4724,
      "amount": 0
    },
    {
      "id": 4759,
      "amount": 0
    },
    {
      "id": 12807,
      "amount": 0
    },
    {
      "id": 4447,
      "amount": 17
    },
    {
      "id": 12691,
      "amount": 0
    },
    {
      "id": 12603,
      "amount": 0
    },
    {
      "id": 6733,
      "amount": 0
    },
    {
      "id": 12605,
      "amount": 0
    },
    {
      "id": 11771,
      "amount": 0
    },
    {
      "id": 12601,
      "amount": 0
    },
    {
      "id": 21816,
      "amount": 1
    },
    {
      "id": 24144,
      "amount": 1
    },
    {
      "id": 4734,
      "amount": 0
    },
    {
      "id": 1249,
      "amount": 0
    },
    {
      "id": 23246,
      "amount": 0
    },
    {
      "id": 24607,
      "amount": 0
    },
    {
      "id": 24615,
      "amount": 0
    },
    {
      "id": 24613,
      "amount": 0
    },
    {
      "id": 2581,
      "amount": 1
    },
    {
      "id": 6731,
      "amount": 0
    },
    {
      "id": 21793,
      "amount": 1
    },
    {
      "id": 6889,
      "amount": 0
    },
    {
      "id": 24421,
      "amount": 0
    },
    {
      "id": 4740,
      "amount": 700002
    },
    {
      "id": 12877,
      "amount": 0
    },
    {
      "id": 4751,
      "amount": 0
    },
    {
      "id": 6918,
      "amount": 1
    },
    {
      "id": 24288,
      "amount": 1
    },
    {
      "id": 24444,
      "amount": 0
    },
    {
      "id": 11773,
      "amount": 0
    },
    {
      "id": 24422,
      "amount": 0
    },
    {
      "id": 24271,
      "amount": 0
    },
    {
      "id": 12926,
      "amount": 0
    }
  ],
  "tabAmounts": [
    98,
    55,
    20,
    9,
    71,
    0,
    0,
    0,
    0,
    0
  ],
  "placeholdersActive": false,
  "placeHolderAmount": 1720,
  "hashedBankPin": "No bank pin.",
  "bankPinLength": 0,
  "recoveryDelay": 0,
  "lootingBag": [],
  "askHowManyToStore": false,
  "storeAsMany": false,
  "runePouch": [
    null,
    null,
    null,
    null
  ],
  "nifflerItems": [],
  "sackOfPresentItems": [],
  "totalCartValue": 0,
  "cartItems": [],
  "newFriends": [
    "Zoo",
    "Eco",
    "Im It",
    "Im Sorry",
    "Anonymous",
    "Hollywood Ud",
    "Izacos",
    "Taylor",
    "Carver319",
    "Alt",
    "Anonymouss",
    "Bishop",
    "Itsdank",
    "Take It Eazi",
    "Bird"
  ],
  "newIgnores": [],
  "clan": "",
  "yellColour": "000000",
  "dontAskAgainEldritch": false,
  "dontAskAgainVolatile": false,
  "dontAskAgainHarmonised": false,
  "currencyCollection": false,
  "emptyPotionVials": false,
  "gold_ags_spec": false,
  "gold_bgs_spec": false,
  "gold_sgs_spec": false,
  "gold_zgs_spec": false,
  "xpLocked": true,
  "levelUpMessages": true,
  "enableDidYouKnow": true,
  "enableDebugMessages": true,
  "savePresetLevels": false,
  "openPresetsOnDeath": true,
  "savedDuelConfig": [
    false,
    false,
    false,
    false,
    false,
    false,
    false,
    false,
    false,
    false,
    false,
    false,
    false,
    false,
    false,
    false,
    false,
    false,
    false,
    false,
    false,
    false
  ],
  "autoRepairBrokenItems": false,
  "votePoints": 0,
  "pestControlPoints": 0,
  "slayerRewardPoints": 5,
  "targetPoints": 12,
  "eloRating": 1344,
  "bossPoints": 3413,
  "riskzonePoints": 0,
  "tournamentPoints": 0,
  "teleportToTargetUnlocked": false,
  "preserve": false,
  "rigour": false,
  "augury": false,
  "botKills": 0,
  "botDeaths": 0,
  "kills": 10,
  "deaths": 11,
  "allTimeKills": 0,
  "allTimeDeaths": 0,
  "killstreak": 0,
  "highestKillstreak": 5,
  "wildernessStreak": 0,
  "shutdownRecord": 2,
  "recentKills": [
    "82.132.213.48"
  ],
  "firstKillOfTheDay": 1641765439432,
  "targetKills": 4,
  "kingBlackDragonsKilled": 0,
  "vetionsKilled": 0,
  "crazyArchaeologistsKilled": 0,
  "zulrahsKilled": 0,
  "alchysKilled": 0,
  "krakensKilled": 0,
  "revenantsKilled": 246,
  "ancientRevenantsKilled": 2001,
  "iceDemonsKilled": 7,
  "elvargsKilled": 1,
  "lavaBeastsKilled": 559,
  "elFuegoKilled": 0,
  "derangedArchaeologistKilled": 0,
  "ancientKingBlackDragonsKilled": 3,
  "corruptedHunleffsKilled": 8,
  "ancientChaosElementalsKilled": 6,
  "ancientBarrelchestsKilled": 0,
  "kerberosKilled": 0,
  "arachneKilled": 3,
  "skorpiosKilled": 34,
  "artioKilled": 6,
  "jadsKilled": 0,
  "chaosElementalsKilled": 0,
  "demonicGorillasKilled": 1,
  "barrelchestsKilled": 0,
  "corporealBeastsKilled": 0,
  "abyssalSiresKilled": 0,
  "vorkathsKilled": 0,
  "lizardmanShamansKilled": 33,
  "barrowsChestsOpened": 0,
  "corruptedNechryarchsKilled": 0,
  "fluffysKilled": 2,
  "dementorsKilled": 15,
  "hungarianHorntailsKilled": 0,
  "fenrirGreybacksKilled": 1,
  "scorpiasKilled": 149,
  "callistosKilled": 22,
  "molesKilled": 0,
  "nightmaresKilled": 0,
  "rexKilled": 0,
  "primeKilled": 1,
  "supremeKilled": 0,
  "kalphiteQueensKilled": 0,
  "lavaDragonsKilled": 0,
  "skotizosKilled": 11,
  "zombieChampionsKilled": 2,
  "brutalLavaDragonsKilled": 5,
  "tektonsKilled": 8,
  "chaosFanaticsKilled": 0,
  "thermonuclearSmokeDevilKilled": 0,
  "venenatisKilled": 11,
  "aragogKC": 1,
  "chamberOfSecretRuns": 4,
  "smokeDevilKills": 0,
  "superiorCreatureKills": 0,
  "crawlingHandKills": 0,
  "caveBugKills": 0,
  "caveCrawlerKills": 0,
  "bansheeKills": 0,
  "caveSlimeKills": 0,
  "rockslugKills": 0,
  "desertLizardKills": 0,
  "cockatriceKills": 0,
  "pyrefiendKills": 0,
  "mogreKills": 0,
  "harpieBugSwarmKills": 0,
  "wallBeastKills": 0,
  "killerwattKills": 0,
  "molaniskKills": 0,
  "basiliskKills": 0,
  "seaSnakeKills": 0,
  "terrorDogKills": 0,
  "feverSpiderKills": 0,
  "infernalMageKills": 0,
  "brineRatKills": 0,
  "bloodveldKills": 0,
  "jellyKills": 0,
  "turothKills": 0,
  "zygomiteKills": 0,
  "caveHorrorKills": 0,
  "aberrantSpectreKills": 0,
  "spiritualWarriorKills": 0,
  "kuraskKills": 0,
  "skeletalWyvernKills": 0,
  "gargoyleKills": 0,
  "nechryaelKills": 0,
  "spiritualMageKills": 0,
  "abyssalDemonKills": 0,
  "caveKrakenKills": 0,
  "darkBeastKills": 0,
  "brutalBlackDragonKills": 0,
  "fossilIslandWyvernKills": 0,
  "wyrmKills": 0,
  "drakeKills": 0,
  "hydraKills": 0,
  "basiliskKnightKills": 0,
  "menInBlackKills": 0,
  "bossTimers": {},
  "recentTeleports": [
    "CERBERUS",
    "GIANT_MOLE",
    "REV_CAVES",
    "BLACK_CHINS",
    "VENENATIS",
    "SCORPIA",
    "BANDIT_CAMP",
    "CORRUPTED_NECHRYARCH",
    "WORLD_BOSS",
    "MAGEBANK_WILD",
    "COWS",
    "ALCHEMICAL_HYDRA",
    "MINING_AREAS",
    "CALLISTO",
    "CHAOS_FAN",
    "CRAZY_ARCH"
  ],
  "favoriteTeleports": [],
  "collectionLog": {
    "DONATOR_MYSTERY_BOX": [
      {
        "id": 11830,
        "amount": 1
      },
      {
        "id": 21633,
        "amount": 1
      },
      {
        "id": 11808,
        "amount": 1
      },
      {
        "id": 20205,
        "amount": 1
      },
      {
        "id": 20059,
        "amount": 1
      },
      {
        "id": 1042,
        "amount": 1
      },
      {
        "id": 4083,
        "amount": 1
      },
      {
        "id": 1044,
        "amount": 1
      },
      {
        "id": 10348,
        "amount": 1
      }
    ],
    "VENENATIS": [
      {
        "id": 11920,
        "amount": 1
      }
    ],
    "REVENANTS": [
      {
        "id": 22555,
        "amount": 1
      },
      {
        "id": 22650,
        "amount": 1
      },
      {
        "id": 21807,
        "amount": 2
      },
      {
        "id": 22641,
        "amount": 1
      }
    ],
    "ANCIENT_REVENANTS": [
      {
        "id": 22616,
        "amount": 2
      },
      {
        "id": 24990,
        "amount": 9
      },
      {
        "id": 24989,
        "amount": 14
      },
      {
        "id": 22625,
        "amount": 1
      },
      {
        "id": 22650,
        "amount": 1
      },
      {
        "id": 22545,
        "amount": 4
      },
      {
        "id": 22647,
        "amount": 1
      },
      {
        "id": 24994,
        "amount": 2
      },
      {
        "id": 24993,
        "amount": 2
      },
      {
        "id": 22613,
        "amount": 1
      },
      {
        "id": 24991,
        "amount": 6
      },
      {
        "id": 22555,
        "amount": 3
      },
      {
        "id": 24992,
        "amount": 7
      },
      {
        "id": 22557,
        "amount": 3
      },
      {
        "id": 22622,
        "amount": 3
      },
      {
        "id": 22610,
        "amount": 1
      },
      {
        "id": 22550,
        "amount": 2
      }
    ],
    "LAVA_BEAST": [
      {
        "id": 30029,
        "amount": 115
      }
    ],
    "LARRANS_KEY_I": [
      {
        "id": 21948,
        "amount": 25
      },
      {
        "id": 24225,
        "amount": 1
      }
    ],
    "PRESENT": [
      {
        "id": 24948,
        "amount": 1
      }
    ],
    "ICE_DEMON": [
      {
        "id": 20836,
        "amount": 1
      }
    ],
    "SCORPIA": [
      {
        "id": 12807,
        "amount": 1
      }
    ],
    "MOLTEN_KEY": [
      {
        "id": 30185,
        "amount": 3
      },
      {
        "id": 16452,
        "amount": 2
      },
      {
        "id": 13307,
        "amount": 90000
      },
      {
        "id": 16451,
        "amount": 3
      },
      {
        "id": 11840,
        "amount": 3
      },
      {
        "id": 13652,
        "amount": 1
      },
      {
        "id": 11283,
        "amount": 1
      }
    ],
    "ARMOUR_MYSTERY_BOX": [
      {
        "id": 21298,
        "amount": 1
      },
      {
        "id": 12875,
        "amount": 2
      },
      {
        "id": 24421,
        "amount": 1
      },
      {
        "id": 12873,
        "amount": 1
      },
      {
        "id": 6918,
        "amount": 1
      }
    ],
    "LARRANS_KEY_III": [
      {
        "id": 11832,
        "amount": 1
      }
    ],
    "WEAPON_MYSTERY_BOX": [
      {
        "id": 11804,
        "amount": 2
      },
      {
        "id": 6914,
        "amount": 1
      },
      {
        "id": 19478,
        "amount": 1
      },
      {
        "id": 21902,
        "amount": 1
      }
    ]
  },
  "achievements": {
    "DEEP_WILD_III": 5,
    "SKILLER_II": 0,
    "BARROWS_III": 0,
    "VOTE_FOR_US_II": 126,
    "VORKY_II": 0,
    "YAK_HUNTER": 0,
    "PURE_I": 0,
    "MOLTEN_LOOTER_II": 15,
    "TSJERNOBYL_I": 0,
    "MAGE_ARENA_IV": 535,
    "WHATS_IN_THE_BOX_III": 22,
    "THIEF_II": 0,
    "BARROWS_II": 0,
    "SKILLER_IV": 0,
    "DRAGON_SLAYER_IV": 0,
    "ENCHANTED_LOOTER_R_III": 0,
    "TASK_MASTER_II": 0,
    "VOTE_FOR_US_I": 100,
    "EXPERIMENTS_HUNTER": 0,
    "KEEP_IT_100_I": 0,
    "EXTREME_DEEP_WILD_I": 3,
    "SURVIVOR_I": 0,
    "VETION_III": 0,
    "DEEP_WILD_II": 5,
    "REVENANT_HUNTER_II": 500,
    "EXTREME_DEEP_WILD_III": 3,
    "MAGE_ARENA_II": 250,
    "VOTE_FOR_US_III": 126,
    "COMPLETIONIST": 0,
    "FIGHT_CAVES_I": 0,
    "SNAKE_CHARMER_II": 0,
    "BARK_SCORPION_I": 25,
    "GODWAR": 0,
    "PURE_IV": 0,
    "SQUIDWARD_III": 0,
    "SQUIDWARD_I": 0,
    "LARRANS_LOOTER_II": 3,
    "CORPOREAL_CRITTER": 0,
    "ULTIMATE_CHAOS_II": 6,
    "DR_CURT_CONNORS_II": 33,
    "BLOODTHIRSTY_II": 0,
    "SQUIDWARD_II": 0,
    "SNAKE_CHARMER_III": 0,
    "PET_TAMER_II": 0,
    "FIGHT_CAVES_III": 0,
    "CRYSTAL_LOOTER_I": 5,
    "ZERKER_II": 0,
    "EXTREME_DEEP_WILD_II": 3,
    "PURE_II": 0,
    "LORD_OF_THE_RINGS_I": 1,
    "PVP_I": 10,
    "TSJERNOBYL_III": 0,
    "BARROWS_V": 0,
    "ENCHANTED_LOOTER_P_I": 0,
    "ENCHANTED_LOOTER_P_III": 0,
    "TASK_MASTER_I": 0,
    "ULTIMATE_CHAOS_III": 6,
    "CRYSTAL_LOOTER_III": 5,
    "REVENANT_HUNTER_III": 2247,
    "PUNCHING_BAGS_I": 0,
    "PUNCHING_BAGS_III": 0,
    "BARROWS_IV": 0,
    "DHAROK_BOMBER_I": 0,
    "DRAGON_SLAYER_III": 3,
    "PUNCHING_BAGS_II": 0,
    "BARROWS_I": 0,
    "BUG_EXTERMINATOR_II": 0,
    "KEEP_IT_100_III": 0,
    "BEAR_GRYLLS_II": 22,
    "AMPUTEE_ANNIHILATION_III": 0,
    "HOLEY_MOLEY_II": 0,
    "LARRANS_LOOTER_I": 3,
    "REVENANT_HUNTER_IV": 2247,
    "THIEF_IV": 0,
    "HOLEY_MOLEY_III": 0,
    "MAGE_ARENA_III": 500,
    "DHAROK_BOMBER_II": 0,
    "MOLTEN_LOOTER_III": 15,
    "SKILLER_III": 0,
    "BOUNTY_HUNTER_I": 4,
    "BOUNTY_HUNTER_II": 4,
    "MOLTEN_LOOTER_I": 10,
    "BABY_ARAGOG_III": 11,
    "VORKY_III": 0,
    "SURVIVOR_II": 0,
    "MASTER_THIEF": 0,
    "FLUFFY_I": 0,
    "VETION_II": 0,
    "BEAR_GRYLLS_I": 22,
    "FIGHT_CAVES_II": 0,
    "REVENANT_HUNTER_I": 250,
    "BLOODTHIRSTY_I": 0,
    "DRAGON_SLAYER_II": 6,
    "SAND_CRAB_HUNTER": 0,
    "ZERKER_IV": 0,
    "HOLEY_MOLEY_I": 0,
    "ZERKER_III": 0,
    "PVP_III": 10,
    "TASK_MASTER_III": 0,
    "ENCHANTED_LOOTER_P_II": 0,
    "DR_CURT_CONNORS_III": 33,
    "BOUNTY_HUNTER_III": 4,
    "WHATS_IN_THE_BOX_I": 10,
    "DRAGON_SLAYER_I": 15,
    "TSJERNOBYL_II": 0,
    "ZERKER_I": 0,
    "WHATS_IN_THE_BOX_II": 22,
    "THIEF_I": 0,
    "VETION_I": 0,
    "AMPUTEE_ANNIHILATION_II": 0,
    "BARK_SCORPION_II": 75,
    "ROCK_CRAB_HUNTER": 0,
    "PURE_III": 0,
    "BLOODTHIRSTY_III": 0,
    "ENCHANTED_LOOTER_R_I": 0,
    "SNAKE_CHARMER_I": 0,
    "MAGE_ARENA_I": 100,
    "KEEP_IT_100_II": 0,
    "ENCHANTED_LOOTER_R_II": 0,
    "BARK_SCORPION_III": 149,
    "LORD_OF_THE_RINGS_II": 1,
    "AMPUTEE_ANNIHILATION_I": 0,
    "VORKY_I": 0,
    "PET_TAMER_I": 0,
    "CRYSTAL_LOOTER_II": 5,
    "ULTIMATE_CHAOS_I": 6,
    "BUG_EXTERMINATOR_I": 0,
    "PVP_II": 10,
    "BEAR_GRYLLS_III": 22,
    "SKILLER_I": 0,
    "DEEP_WILD_I": 5,
    "DR_CURT_CONNORS_I": 10,
    "BABY_ARAGOG_I": 11,
    "LARRANS_LOOTER_III": 3,
    "THIEF_III": 0,
    "DHAROK_BOMBER_III": 0,
    "FLUFFY_II": 0,
    "BABY_ARAGOG_II": 11
  },
  "achievementsCompleted": 0,
  "antiFireResistant": false,
  "venomResistant": false,
  "rockyBalboaTitle": false,
  "task": "VENENATIS",
  "taskAmount": 10,
  "taskCompletionAmount": 40,
  "totalTasksCompleted": 0,
  "canClaimTaskReward": false,
  "playerKillsWithoutLeavingWild": 0,
  "treasuresOpened": 0,
  "referalMilestone10hoursPassed": false,
  "referalMilestone1dayPassed": false,
  "referrerUsername": "",
  "referralsCount": 0,
  "databaseId": 8242,
  "referalMilestone3refs": false,
  "staminaTicks": 0,
  "overloadTicks": 0,
  "antifireTicks": 0,
  "superAntiFire": false,
  "larranKeysUsed": 2,
  "earningPotential": 315,
  "enchantedAGSAttempts": 0,
  "enchantedBGSAttempts": 0,
  "enchantedSGSAttempts": 0,
  "enchantedZGSAttempts": 0,
  "enchantedFuryAttempts": 0,
  "enchantedOccultAttempts": 0,
  "enchantedTortureAttempts": 0,
  "enchantedAnguishAttempts": 0,
  "enchantedBNeckAttempts": 0,
  "enchantedGmaulAttempts": 0,
  "enchantedTBraceAttempts": 0,
  "enchantedDDefAttempts": 0,
  "enchantedDBootsAttempts": 0,
  "enchantedRunePouchAttempts": 0,
  "enchantedDClawsAttempts": 0,
  "enchantedROMAttempts": 0,
  "enchantedROSAttempts": 0,
  "enchantedROPAttempts": 0,
  "enchantedROTAttempts": 0,
  "enchantedSlayerHelmIAttempts": 0,
  "enchantedGreenSlayerHelmIAttempts": 0,
  "enchantedTurquoiseSlayerHelmIAttempts": 0,
  "enchantedRedSlayerHelmIAttempts": 1,
  "enchantedBlackSlayerHelmIAttempts": 0,
  "enchantedTwistedSlayerHelmIAttempts": 0,
  "larransKeyIIAttempts": 8,
  "larransKeyIIIAttempts": 1,
  "blowpipeAttempts": 0,
  "twistedBowAttempts": 0,
  "ancestralHatAttempts": 0,
  "ancestralTopAttempts": 0,
  "ancestralBottomAttempts": 0,
  "primordialBootsAttempts": 0,
  "infernalCapeAttempts": 0,
  "sanguistiStaffAttempts": 0,
  "ghraziRapierAttempts": 0,
  "scytheOfViturAttempts": 0,
  "pegasianBootsAttempts": 0,
  "eternalBootsAttempts": 0,
  "viggorasChainmaceAttempts": 0,
  "crawsBowAttempts": 0,
  "thammaronsStaffAttempts": 0,
  "corruptedBootsAttempts": 0,
  "ancientFaceguardAttempts": 0,
  "toxicStaffOfTheDeadAttempts": 0,
  "presentsOpened": 1,
  "armourMysteryBoxesOpened": 6,
  "donatorMysteryBoxesOpened": 10,
  "legendaryMysteryBoxesOpened": 0,
  "petMysteryBoxesOpened": 0,
  "regularMysteryBoxesOpened": 0,
  "weaponMysteryBoxesOpened": 5,
  "presentMysteryBoxesOpened": 0,
  "moltenMysteryBoxesOpened": 0,
  "epicPetMysteryBoxesOpened": 0,
  "raidsMysteryBoxesOpened": 0,
  "zenyteMysteryBoxesOpened": 0,
  "mysteryChestsOpened": 0,
  "raresFromMysteryBox": 3,
  "slayerKeysOpened": 0,
  "slayerKeysReceived": 0,
  "doubleExpTicks": 0,
  "dropRateLampTicks": 0,
  "ethereumAbsorption": false,
  "jailed": 0,
  "jailOresToEscape": 0,
  "jailOresMined": 0,
  "locBeforeJail": {
    "x": 3161,
    "y": 3751,
    "level": 0,
    "firstChunkX": 395,
    "firstChunkY": 468
  },
  "tournamentWins": 0,
  "lostCannon": false,
  "wildernessCourseState": 0,
  "edgePvpDailyAmount": 0,
  "edgePvpDailyCompleted": false,
  "edgePvpDailyRewardClaimed": false,
  "revCavePvpDailyAmount": 0,
  "revCavePvpDailyCompleted": false,
  "revCavePvpDailyRewardClaimed": false,
  "deepWildPvpDailyAmount": 0,
  "deepWildPvpDailyCompleted": false,
  "deepWildPvpDailyRewardClaimed": false,
  "purePvpeDailyAmount": 0,
  "purePvpDailyCompleted": false,
  "purePvpDailyRewardClaimed": false,
  "zekerPvpDailyAmount": 0,
  "zekerPvpDailyCompleted": false,
  "zekerPVPDailyRewardClaimed": false,
  "tierUpgradePvpDailyAmount": 0,
  "tierUpgradePvpDailyCompleted": false,
  "tierUpgradePvpDailyRewardClaimed": false,
  "noArmPvpDailyAmount": 0,
  "noArmPvpDailyCompleted": false,
  "noArmPvpDailyRewardClaimed": false,
  "dharokPvpDailyAmount": 0,
  "dharokPvpDailyCompleted": false,
  "dharokPvpDailyRewardClaimed": false,
  "botsPvpDailyAmount": 0,
  "botsPvpDailyCompleted": false,
  "botsPvpDailyRewardClaimed": false,
  "tourneyParticipationDailyAmount": 0,
  "tourneyParticipationDailyCompleted": false,
  "tourneyParticipationDailyRewardClaimed": false,
  "dailyRaidsDailyAmount": 0,
  "dailyRaidsDailyCompleted": false,
  "dailyRaidsDailyRewardClaimed": false,
  "worldBossDailyDailyAmount": 0,
  "worldBossDailyDailyCompleted": false,
  "worldBossDailyRewardClaimed": false,
  "revenantsDailyAmount": 0,
  "revenantsDailyCompleted": false,
  "revenantsDailyRewardClaimed": false,
  "battleMageDailyAmount": 0,
  "battleMageDailyCompleted": false,
  "battleMageDailyRewardClaimed": false,
  "wildernessBossDailyAmount": 0,
  "wildernessBossDailyCompleted": false,
  "wildernessBossDailyRewardClaimed": false,
  "zulrahDailyAmount": 0,
  "zulrahDailyCompleted": false,
  "zulrahDailyRewardClaimed": false,
  "slayerDailyAmount": 0,
  "slayerDailyCompleted": false,
  "slayerDailyRewardClaimed": false,
  "corruptedNechryarchDailyAmount": 0,
  "corruptedNechryarchDailyCompleted": false,
  "corruptedNechryarchDailyRewardClaimed": false,
  "vorkathDailyAmount": 0,
  "vorkathDailyCompleted": false,
  "vorkathDailyRewardClaimed": false,
  "corporealBeastDailyAmount": 0,
  "corporealBeastDailyCompleted": false,
  "corporealBeastDailyRewardClaimed": false,
  "wildyRunnerDailyAmount": 0,
  "wildyRunnerDailyCompleted": false,
  "wildyRunnerDailyRewardClaimed": false,
  "alchemicalHydraLogClaimed": false,
  "ancientBarrelchestLogClaimed": false,
  "ancientChaosElementalLogClaimed": false,
  "ancientKingBlackDragonLogClaimed": false,
  "arachneLogClaimed": false,
  "artioLogClaimed": false,
  "barrelchestLogClaimed": false,
  "brutalLavaDragonLogClaimed": false,
  "callistoLogClaimed": false,
  "cerberusLogClaimed": false,
  "chaosElementalLogClaimed": false,
  "chaosFanaticLogClaimed": false,
  "corporealBeastLogClaimed": false,
  "corruptedNechryarchLogClaimed": false,
  "crazyArchaeologistLogClaimed": false,
  "demonicGorillaLogClaimed": false,
  "giantMoleLogClaimed": false,
  "kerberosLogClaimed": false,
  "kingBlackDragonLogClaimed": false,
  "krakenLogClaimed": false,
  "lavaDragonLogClaimed": false,
  "lizardmanShamanLogClaimed": false,
  "scorpiaLogClaimed": false,
  "skorpiosLogClaimed": false,
  "skotizoLogClaimed": false,
  "tektonLogClaimed": false,
  "thermonuclearSmokeDevilLogClaimed": false,
  "theNightmareLogClaimed": false,
  "corruptedHunleffLogClaimed": false,
  "menInBlackLogClaimed": false,
  "tztokJadLogClaimed": false,
  "venenatisLogClaimed": false,
  "vetionLogClaimed": false,
  "vorkathLogClaimed": false,
  "zombiesChampionLogClaimed": false,
  "zulrahLogClaimed": false,
  "armourMysteryBoxLogClaimed": false,
  "donatorMysteryBoxLogClaimed": false,
  "epicPetMysteryBoxLogClaimed": false,
  "mysteryChestLogClaimed": false,
  "raidsMysteryBoxLogClaimed": false,
  "weaponMysteryBoxLogClaimed": false,
  "legendaryMysteryBoxLogClaimed": false,
  "zenyteLogClaimed": false,
  "crystalKeyLogClaimed": false,
  "moltenKeyLogClaimed": false,
  "enchantedKeyRLogClaimed": false,
  "enchantedKeyPLogClaimed": false,
  "larransKeyTierILogClaimed": false,
  "larransKeyTierIILogClaimed": false,
  "larransKeyTierIIILogClaimed": false,
  "slayerKeyLogClaimed": false,
  "wildernessKeyLogClaimed": false,
  "ancientRevenantsLogClaimed": false,
  "chamberOfSecretsLogClaimed": false,
  "revenantsLogClaimed": false,
  "slayerLogClaimed": false,
  "lastDailyReset": 13,
  "finishedHalloweenDialogue": true,
  "candiesTraded": 0,
  "eventReward1Claimed": false,
  "eventReward2Claimed": false,
  "eventReward3Claimed": false,
  "eventReward4Claimed": false,
  "eventReward5Claimed": false,
  "eventReward6Claimed": false,
  "eventReward7Claimed": false,
  "eventReward8Claimed": false,
  "eventReward9Claimed": false,
  "eventReward10Claimed": false,
  "eventReward11Claimed": false,
  "eventReward12Claimed": false,
  "eventReward13Claimed": false,
  "eventReward14Claimed": false,
  "eventReward15Claimed": false,
  "eventReward16Claimed": false,
  "eventReward17Claimed": false,
  "eventReward18Claimed": false,
  "eventReward19Claimed": false,
  "eventReward20Claimed": false,
  "eventReward21Claimed": false,
  "eventReward22Claimed": false,
  "eventReward23Claimed": false,
  "eventReward24Claimed": false,
  "eventReward25Claimed": false,
  "eventReward26Claimed": false,
  "eventReward27Claimed": false,
  "eventReward28Claimed": false,
  "eventReward29Claimed": false,
  "eventReward30Claimed": false,
  "eventReward31Claimed": false,
  "eventReward32Claimed": false,
  "eventReward33Claimed": false,
  "eventReward34Claimed": false,
  "eventReward35Claimed": false,
  "eventReward36Claimed": false,
  "eventReward37Claimed": false,
  "eventReward38Claimed": false,
  "eventReward39Claimed": false,
  "eventReward40Claimed": false,
  "eventReward41Claimed": false,
  "eventReward42Claimed": false,
  "eventReward43Claimed": false,
  "eventReward44Claimed": false,
  "winterEventTokensSpent": 0,
  "herbBoxCharges": 0,
  "claimedDonatorRewards": false,
  "snowMonsterTimer": 336
}