{
  "username": "A D O S",
  "password": "$2a$10$wgDirl/XztXtV4JQw2WmI.dD2BW8QFPZihTs7cOOem.OxFQQsaWgK",
  "title": "",
  "titleColor": "",
  "tile": {
    "x": 3094,
    "y": 3491,
    "level": 0,
    "firstChunkX": 386,
    "firstChunkY": 436
  },
  "gameTime": 592328,
  "runEnergy": 100.0,
  "running": true,
  "playerRights": "PLAYER",
  "memberRights": "NONE",
  "gameMode": "TRAINED_ACCOUNT",
  "ironMode": "NONE",
  "darkLordLives": 3,
  "lastIP": "71.200.141.64",
  "mac": "28-B2-BD-84-E6-2B",
  "accountPin": 0,
  "askAccountPin": false,
  "accountPinAttemptsLeft": 5,
  "accountPinFrozenTicks": 0,
  "creationDate": "Aug 1, 2021, 08:08:34 AM",
  "creationIp": "71.200.141.64",
  "lastLogin": "Jan 13, 2022, 19:59:43 PM",
  "muted": false,
  "lastBMClaim": 0,
  "isCombatMaxed": true,
  "starterWeaponDamage": 0,
  "newPlayer": false,
  "isBetaTester": false,
  "veteran": false,
  "veteranGiftClaimed": false,
  "playtimeGiftClaimed": false,
  "gambler": false,
  "starterboxClaimed": false,
  "clanBoxOpened": false,
  "promoCodeClaimed": false,
  "receivedMonthlySponsorRewards": false,
  "receivedTopPkerReward": false,
  "topPkerPosition": 0,
  "female": false,
  "looks": [
    0,
    10,
    18,
    26,
    33,
    36,
    42
  ],
  "colors": [
    0,
    0,
    0,
    0,
    0
  ],
  "spellBook": "ANCIENT",
  "fightType": "ARROW_RAPID",
  "fightTypeVarp": 43,
  "fightTypeVarpState": 1,
  "autoRetaliate": true,
  "previousSpellbook": "NORMAL",
  "venomTicks": 0,
  "poisonTicks": 0,
  "specPercentage": 100,
  "recoilCharges": 40,
  "targetSearchTimer": 0,
  "specialAttackRestoreTimer": 0,
  "skullTimer": 0,
  "skullType": "NO_SKULL",
  "quickPrayers": [
    null,
    null,
    null,
    null,
    null,
    null,
    null,
    null,
    null,
    null,
    null,
    null,
    null,
    null,
    null,
    null,
    null,
    null,
    null,
    null,
    null,
    null,
    null,
    null,
    null,
    null,
    null,
    null,
    null
  ],
  "presets": [
    {
      "name": "Revs",
      "inventory": [
        {
          "id": 2444,
          "amount": 1
        },
        {
          "id": 169,
          "amount": 1
        },
        {
          "id": 13441,
          "amount": 1
        },
        {
          "id": 6685,
          "amount": 1
        },
        {
          "id": 3024,
          "amount": 1
        },
        {
          "id": 3024,
          "amount": 1
        },
        {
          "id": 6685,
          "amount": 1
        },
        {
          "id": 3024,
          "amount": 1
        },
        {
          "id": 3024,
          "amount": 1
        },
        {
          "id": 3024,
          "amount": 1
        },
        {
          "id": 6685,
          "amount": 1
        },
        {
          "id": 3024,
          "amount": 1
        },
        {
          "id": 3024,
          "amount": 1
        },
        {
          "id": 3024,
          "amount": 1
        },
        {
          "id": 6685,
          "amount": 1
        },
        {
          "id": 13441,
          "amount": 1
        },
        {
          "id": 13441,
          "amount": 1
        },
        {
          "id": 13441,
          "amount": 1
        },
        {
          "id": 13441,
          "amount": 1
        },
        {
          "id": 13441,
          "amount": 1
        },
        {
          "id": 13441,
          "amount": 1
        },
        {
          "id": 13441,
          "amount": 1
        },
        {
          "id": 13441,
          "amount": 1
        },
        {
          "id": 13441,
          "amount": 1
        },
        {
          "id": 13441,
          "amount": 1
        },
        {
          "id": 13441,
          "amount": 1
        },
        {
          "id": 13441,
          "amount": 1
        },
        {
          "id": 13441,
          "amount": 1
        }
      ],
      "equipment": [
        {
          "id": 10828,
          "amount": 1
        },
        {
          "id": 10499,
          "amount": 1
        },
        {
          "id": 11978,
          "amount": 1
        },
        {
          "id": 22550,
          "amount": 1
        },
        {
          "id": 2503,
          "amount": 1
        },
        {
          "id": 1079,
          "amount": 1
        },
        {
          "id": 21816,
          "amount": 1
        },
        {
          "id": 3105,
          "amount": 1
        },
        {
          "id": 9244,
          "amount": 428
        }
      ],
      "stats": [
        99,
        99,
        99,
        99,
        99,
        99,
        99
      ],
      "spellbook": "ANCIENT",
      "index": 0,
      "isGlobal": false,
      "runePouch": []
    },
    {
      "name": "Melee",
      "inventory": [
        {
          "id": 12695,
          "amount": 1
        },
        {
          "id": 13441,
          "amount": 1
        },
        {
          "id": 13441,
          "amount": 1
        },
        {
          "id": 6685,
          "amount": 1
        },
        {
          "id": 13441,
          "amount": 1
        },
        {
          "id": 13441,
          "amount": 1
        },
        {
          "id": 13441,
          "amount": 1
        },
        {
          "id": 6685,
          "amount": 1
        },
        {
          "id": 13441,
          "amount": 1
        },
        {
          "id": 13441,
          "amount": 1
        },
        {
          "id": 13441,
          "amount": 1
        },
        {
          "id": 3024,
          "amount": 1
        },
        {
          "id": 13441,
          "amount": 1
        },
        {
          "id": 13441,
          "amount": 1
        },
        {
          "id": 13441,
          "amount": 1
        },
        {
          "id": 3024,
          "amount": 1
        },
        {
          "id": 13441,
          "amount": 1
        },
        {
          "id": 13441,
          "amount": 1
        },
        {
          "id": 13441,
          "amount": 1
        },
        {
          "id": 13441,
          "amount": 1
        },
        {
          "id": 13441,
          "amount": 1
        },
        {
          "id": 13441,
          "amount": 1
        },
        {
          "id": 13441,
          "amount": 1
        },
        {
          "id": 3024,
          "amount": 1
        },
        {
          "id": 13441,
          "amount": 1
        },
        {
          "id": 13441,
          "amount": 1
        },
        {
          "id": 13441,
          "amount": 1
        },
        {
          "id": 3024,
          "amount": 1
        }
      ],
      "equipment": [
        {
          "id": 10828,
          "amount": 1
        },
        {
          "id": 6570,
          "amount": 1
        },
        {
          "id": 11978,
          "amount": 1
        },
        {
          "id": 22545,
          "amount": 1
        },
        {
          "id": 10551,
          "amount": 1
        },
        {
          "id": 12954,
          "amount": 1
        },
        {
          "id": 1079,
          "amount": 1
        },
        {
          "id": 7462,
          "amount": 1
        },
        {
          "id": 3105,
          "amount": 1
        },
        {
          "id": 9244,
          "amount": 364
        }
      ],
      "stats": [
        99,
        99,
        99,
        99,
        99,
        99,
        99
      ],
      "spellbook": "ANCIENT",
      "index": 1,
      "isGlobal": false,
      "runePouch": []
    },
    {
      "name": "Blood Barrage",
      "inventory": [
        {
          "id": 565,
          "amount": 14612
        },
        {
          "id": 560,
          "amount": 14612
        },
        {
          "id": 566,
          "amount": 14903
        },
        {
          "id": 3024,
          "amount": 1
        },
        {
          "id": 3024,
          "amount": 1
        },
        {
          "id": 3024,
          "amount": 1
        },
        {
          "id": 3028,
          "amount": 1
        },
        {
          "id": 3024,
          "amount": 1
        },
        {
          "id": 3024,
          "amount": 1
        },
        {
          "id": 3024,
          "amount": 1
        },
        {
          "id": 3024,
          "amount": 1
        },
        {
          "id": 6685,
          "amount": 1
        },
        {
          "id": 6685,
          "amount": 1
        },
        {
          "id": 6685,
          "amount": 1
        },
        {
          "id": 6685,
          "amount": 1
        },
        {
          "id": 6685,
          "amount": 1
        },
        {
          "id": 13441,
          "amount": 1
        },
        {
          "id": 13441,
          "amount": 1
        },
        {
          "id": 13441,
          "amount": 1
        },
        {
          "id": 13441,
          "amount": 1
        },
        {
          "id": 13441,
          "amount": 1
        },
        {
          "id": 13441,
          "amount": 1
        },
        {
          "id": 13441,
          "amount": 1
        },
        {
          "id": 13441,
          "amount": 1
        },
        {
          "id": 13441,
          "amount": 1
        },
        {
          "id": 13441,
          "amount": 1
        },
        {
          "id": 13441,
          "amount": 1
        },
        {
          "id": 13441,
          "amount": 1
        }
      ],
      "equipment": [
        {
          "id": 3755,
          "amount": 1
        },
        {
          "id": 2412,
          "amount": 1
        },
        {
          "id": 11978,
          "amount": 1
        },
        {
          "id": 4675,
          "amount": 1
        },
        {
          "id": 4091,
          "amount": 1
        },
        {
          "id": 12829,
          "amount": 1
        },
        {
          "id": 4093,
          "amount": 1
        },
        {
          "id": 7462,
          "amount": 1
        },
        {
          "id": 3105,
          "amount": 1
        },
        {
          "id": 9244,
          "amount": 497
        }
      ],
      "stats": [
        99,
        99,
        99,
        99,
        99,
        99,
        99
      ],
      "spellbook": "ANCIENT",
      "index": 2,
      "isGlobal": false,
      "runePouch": []
    },
    {
      "name": "World Boss",
      "inventory": [
        {
          "id": 2444,
          "amount": 1
        },
        {
          "id": 169,
          "amount": 1
        },
        {
          "id": 6685,
          "amount": 1
        },
        {
          "id": 6685,
          "amount": 1
        },
        {
          "id": 3024,
          "amount": 1
        },
        {
          "id": 3024,
          "amount": 1
        },
        {
          "id": 6685,
          "amount": 1
        },
        {
          "id": 3024,
          "amount": 1
        },
        {
          "id": 3024,
          "amount": 1
        },
        {
          "id": 3024,
          "amount": 1
        },
        {
          "id": 6685,
          "amount": 1
        },
        {
          "id": 3024,
          "amount": 1
        },
        {
          "id": 3024,
          "amount": 1
        },
        {
          "id": 3024,
          "amount": 1
        },
        {
          "id": 13441,
          "amount": 1
        },
        {
          "id": 13441,
          "amount": 1
        },
        {
          "id": 13441,
          "amount": 1
        },
        {
          "id": 13441,
          "amount": 1
        },
        {
          "id": 13441,
          "amount": 1
        },
        {
          "id": 13441,
          "amount": 1
        },
        {
          "id": 13441,
          "amount": 1
        },
        {
          "id": 13441,
          "amount": 1
        },
        {
          "id": 13441,
          "amount": 1
        },
        {
          "id": 13441,
          "amount": 1
        },
        {
          "id": 13441,
          "amount": 1
        },
        {
          "id": 13441,
          "amount": 1
        },
        {
          "id": 13441,
          "amount": 1
        },
        {
          "id": 13441,
          "amount": 1
        }
      ],
      "equipment": [
        {
          "id": 10828,
          "amount": 1
        },
        {
          "id": 10499,
          "amount": 1
        },
        {
          "id": 11978,
          "amount": 1
        },
        {
          "id": 22550,
          "amount": 1
        },
        {
          "id": 2503,
          "amount": 1
        },
        {
          "id": 1079,
          "amount": 1
        },
        {
          "id": 7462,
          "amount": 1
        },
        {
          "id": 3105,
          "amount": 1
        },
        {
          "id": 9244,
          "amount": 428
        }
      ],
      "stats": [
        99,
        99,
        99,
        99,
        99,
        99,
        99
      ],
      "spellbook": "ANCIENT",
      "index": 3,
      "isGlobal": false,
      "runePouch": []
    },
    {
      "name": "No Risk",
      "inventory": [
        {
          "id": 2444,
          "amount": 1
        },
        {
          "id": 169,
          "amount": 1
        },
        {
          "id": 10925,
          "amount": 1
        },
        {
          "id": 6685,
          "amount": 1
        },
        {
          "id": 10925,
          "amount": 1
        },
        {
          "id": 10925,
          "amount": 1
        },
        {
          "id": 10925,
          "amount": 1
        },
        {
          "id": 6685,
          "amount": 1
        },
        {
          "id": 10925,
          "amount": 1
        },
        {
          "id": 10925,
          "amount": 1
        },
        {
          "id": 10925,
          "amount": 1
        },
        {
          "id": 6685,
          "amount": 1
        },
        {
          "id": 10925,
          "amount": 1
        },
        {
          "id": 10925,
          "amount": 1
        },
        {
          "id": 10925,
          "amount": 1
        },
        {
          "id": 6685,
          "amount": 1
        },
        {
          "id": 10925,
          "amount": 1
        },
        {
          "id": 10925,
          "amount": 1
        },
        {
          "id": 10925,
          "amount": 1
        },
        {
          "id": 10925,
          "amount": 1
        },
        {
          "id": 10925,
          "amount": 1
        },
        {
          "id": 1305,
          "amount": 1
        },
        {
          "id": 13441,
          "amount": 1
        },
        {
          "id": 13441,
          "amount": 1
        },
        {
          "id": 13441,
          "amount": 1
        },
        {
          "id": 13441,
          "amount": 1
        },
        {
          "id": 13441,
          "amount": 1
        },
        {
          "id": 13441,
          "amount": 1
        }
      ],
      "equipment": [
        {
          "id": 10828,
          "amount": 1
        },
        {
          "id": 10499,
          "amount": 1
        },
        {
          "id": 11978,
          "amount": 1
        },
        {
          "id": 9185,
          "amount": 1
        },
        {
          "id": 2503,
          "amount": 1
        },
        {
          "id": 12829,
          "amount": 1
        },
        {
          "id": 1079,
          "amount": 1
        },
        {
          "id": 7462,
          "amount": 1
        },
        {
          "id": 3105,
          "amount": 1
        },
        {
          "id": 9244,
          "amount": 0
        }
      ],
      "stats": [
        99,
        99,
        99,
        99,
        99,
        99,
        99
      ],
      "spellbook": "ANCIENT",
      "index": 4,
      "isGlobal": false,
      "runePouch": []
    },
    null,
    null,
    null,
    null,
    null,
    null,
    null,
    null,
    null,
    null,
    null,
    null,
    null,
    null,
    null
  ],
  "lastPreset": [
    false,
    3.0
  ],
  "specialTeleblockTimer": 0,
  "totalAmountPaid": 0.0,
  "promoPaymentAmount": 0.0,
  "promoItemsClaimed": 0,
  "memberUnlocked": false,
  "superMemberUnlocked": false,
  "eliteMemberUnlocked": false,
  "extremeMemberUnlocked": false,
  "legendaryMemberUnlocked": false,
  "vipUnlocked": false,
  "sponsorMemberUnlocked": false,
  "dynamicLevels": [
    99,
    99,
    99,
    99,
    99,
    99,
    99,
    1,
    1,
    1,
    1,
    1,
    1,
    1,
    1,
    1,
    3,
    48,
    99,
    1,
    1,
    1,
    1
  ],
  "skillXP": [
    1.3034431E7,
    1.3034431E7,
    1.3036895E7,
    3.030381233333334E7,
    6.4840111E7,
    1.3034431E7,
    1.3034431E7,
    0.0,
    0.0,
    0.0,
    0.0,
    0.0,
    0.0,
    0.0,
    0.0,
    0.0,
    240.0,
    83440.0,
    2.4613E7,
    0.0,
    0.0,
    0.0,
    0.0
  ],
  "activePetItemId": 0,
  "unlockedPets": [],
  "insuredPets": [],
  "slayerTaskId": 79,
  "slayerTaskAmount": 0,
  "slayerMasterId": 0,
  "slayerTaskStreak": 1,
  "slayerTaskStreakRecord": 0,
  "completedSlayerTasks": 82,
  "wildernessSlayerActive": false,
  "wildernessSlayerDescribed": false,
  "slayerPartner": "None",
  "blockedSlayerTasks": [],
  "slayerUnlocks": {
    "63424": "TREASURE_HUNT",
    "63410": "BIGGER_AND_BADDER",
    "63415": "DROP_RATE_BOOST",
    "63406": "DOUBLE_SLAYER_POINTS"
  },
  "slayerExtensionsList": {},
  "inventory": [
    {
      "id": 169,
      "amount": 1
    },
    {
      "id": 11785,
      "amount": 1
    },
    {
      "id": 6685,
      "amount": 1
    },
    {
      "id": 6685,
      "amount": 1
    },
    {
      "id": 3024,
      "amount": 1
    },
    {
      "id": 3030,
      "amount": 1
    },
    {
      "id": 6685,
      "amount": 1
    },
    null,
    {
      "id": 3024,
      "amount": 1
    },
    {
      "id": 3024,
      "amount": 1
    },
    {
      "id": 6685,
      "amount": 1
    },
    {
      "id": 3028,
      "amount": 1
    },
    {
      "id": 3024,
      "amount": 1
    },
    {
      "id": 3026,
      "amount": 1
    },
    null,
    null,
    null,
    null,
    null,
    null,
    {
      "id": 13441,
      "amount": 1
    },
    null,
    null,
    null,
    {
      "id": 13441,
      "amount": 1
    },
    {
      "id": 13441,
      "amount": 1
    },
    {
      "id": 13441,
      "amount": 1
    },
    {
      "id": 13441,
      "amount": 1
    }
  ],
  "equipment": [
    {
      "id": 10828,
      "amount": 1
    },
    {
      "id": 10499,
      "amount": 1
    },
    {
      "id": 11978,
      "amount": 1
    },
    {
      "id": 22550,
      "amount": 1
    },
    {
      "id": 2503,
      "amount": 1
    },
    null,
    null,
    {
      "id": 1079,
      "amount": 1
    },
    null,
    {
      "id": 7462,
      "amount": 1
    },
    {
      "id": 3105,
      "amount": 1
    },
    null,
    null,
    {
      "id": 9244,
      "amount": 428
    }
  ],
  "bank": [
    {
      "id": 4587,
      "amount": 20008
    },
    {
      "id": 1215,
      "amount": 20000
    },
    {
      "id": 4089,
      "amount": 20000
    },
    {
      "id": 4109,
      "amount": 20000
    },
    {
      "id": 4099,
      "amount": 20000
    },
    {
      "id": 7400,
      "amount": 20000
    },
    {
      "id": 3755,
      "amount": 20019
    },
    {
      "id": 1163,
      "amount": 20000
    },
    {
      "id": 1305,
      "amount": 20015
    },
    {
      "id": 4675,
      "amount": 20032
    },
    {
      "id": 4091,
      "amount": 20033
    },
    {
      "id": 4111,
      "amount": 20000
    },
    {
      "id": 4101,
      "amount": 20000
    },
    {
      "id": 7399,
      "amount": 20000
    },
    {
      "id": 3751,
      "amount": 20000
    },
    {
      "id": 1127,
      "amount": 20001
    },
    {
      "id": 1434,
      "amount": 20000
    },
    {
      "id": 9185,
      "amount": 20028
    },
    {
      "id": 4093,
      "amount": 20033
    },
    {
      "id": 4113,
      "amount": 20000
    },
    {
      "id": 4103,
      "amount": 20000
    },
    {
      "id": 7398,
      "amount": 20000
    },
    {
      "id": 3753,
      "amount": 20000
    },
    {
      "id": 1079,
      "amount": 20112
    },
    {
      "id": 5698,
      "amount": 20028
    },
    {
      "id": 10499,
      "amount": 20097
    },
    {
      "id": 4097,
      "amount": 20000
    },
    {
      "id": 4117,
      "amount": 20000
    },
    {
      "id": 4107,
      "amount": 20000
    },
    {
      "id": 2579,
      "amount": 20000
    },
    {
      "id": 3749,
      "amount": 19999
    },
    {
      "id": 4131,
      "amount": 20000
    },
    {
      "id": 2503,
      "amount": 20089
    },
    {
      "id": 2497,
      "amount": 20000
    },
    {
      "id": 12492,
      "amount": 20000
    },
    {
      "id": 12508,
      "amount": 20000
    },
    {
      "id": 12500,
      "amount": 20000
    },
    {
      "id": 3105,
      "amount": 20130
    },
    {
      "id": 1093,
      "amount": 19999
    },
    {
      "id": 1201,
      "amount": 20000
    },
    {
      "id": 3842,
      "amount": 20000
    },
    {
      "id": 12612,
      "amount": 20000
    },
    {
      "id": 12494,
      "amount": 20000
    },
    {
      "id": 12510,
      "amount": 20000
    },
    {
      "id": 12502,
      "amount": 19999
    },
    {
      "id": 6108,
      "amount": 20000
    },
    {
      "id": 6107,
      "amount": 20000
    },
    {
      "id": 6109,
      "amount": 20000
    },
    {
      "id": 14479,
      "amount": 1
    },
    {
      "id": 1153,
      "amount": 1
    },
    {
      "id": 1115,
      "amount": 1
    },
    {
      "id": 1067,
      "amount": 1
    },
    {
      "id": 1191,
      "amount": 1
    },
    {
      "id": 1323,
      "amount": 1
    },
    {
      "id": 558,
      "amount": 999
    },
    {
      "id": 379,
      "amount": 50
    },
    {
      "id": 841,
      "amount": 1
    },
    {
      "id": 882,
      "amount": 882
    },
    {
      "id": 13441,
      "amount": 1414
    },
    {
      "id": 22808,
      "amount": 15
    },
    {
      "id": 12829,
      "amount": 47
    },
    {
      "id": 1181,
      "amount": 1
    },
    {
      "id": 8850,
      "amount": 10
    },
    {
      "id": 12625,
      "amount": 266
    },
    {
      "id": 21978,
      "amount": 50
    },
    {
      "id": 12695,
      "amount": 8
    },
    {
      "id": 12697,
      "amount": 15
    },
    {
      "id": 12701,
      "amount": 4
    },
    {
      "id": 229,
      "amount": 3
    },
    {
      "id": 12699,
      "amount": 6
    },
    {
      "id": 11943,
      "amount": 1
    },
    {
      "id": 21820,
      "amount": 118
    },
    {
      "id": 12627,
      "amount": 1
    },
    {
      "id": 526,
      "amount": 2
    },
    {
      "id": 4151,
      "amount": 5
    },
    {
      "id": 24613,
      "amount": 65
    },
    {
      "id": 10548,
      "amount": 1
    },
    {
      "id": 12891,
      "amount": 1
    },
    {
      "id": 1523,
      "amount": 1
    },
    {
      "id": 21816,
      "amount": 3
    },
    {
      "id": 1405,
      "amount": 1
    },
    {
      "id": 4164,
      "amount": 2
    },
    {
      "id": 22586,
      "amount": 2
    },
    {
      "id": 13233,
      "amount": 1
    },
    {
      "id": 21948,
      "amount": 1038
    },
    {
      "id": 1407,
      "amount": 1
    },
    {
      "id": 11133,
      "amount": 1
    },
    {
      "id": 2581,
      "amount": 1
    },
    {
      "id": 21944,
      "amount": 1000
    },
    {
      "id": 21932,
      "amount": 1000
    },
    {
      "id": 11235,
      "amount": 4
    },
    {
      "id": 6585,
      "amount": 4
    },
    {
      "id": 21950,
      "amount": 1000
    },
    {
      "id": 6918,
      "amount": 3
    },
    {
      "id": 24615,
      "amount": 51
    },
    {
      "id": 21880,
      "amount": 1
    },
    {
      "id": 22636,
      "amount": 393
    },
    {
      "id": 299,
      "amount": 30
    },
    {
      "id": 24225,
      "amount": 1
    },
    {
      "id": 20849,
      "amount": 10
    },
    {
      "id": 6924,
      "amount": 1
    },
    {
      "id": 22557,
      "amount": 1
    },
    {
      "id": 592,
      "amount": 1
    },
    {
      "id": 985,
      "amount": 1
    },
    {
      "id": 6735,
      "amount": 1
    },
    {
      "id": 10551,
      "amount": 3
    },
    {
      "id": 12791,
      "amount": 1
    },
    {
      "id": 6916,
      "amount": 1
    },
    {
      "id": 21301,
      "amount": 1
    },
    {
      "id": 6920,
      "amount": 2
    },
    {
      "id": 11824,
      "amount": 1
    },
    {
      "id": 7458,
      "amount": 20000
    },
    {
      "id": 23261,
      "amount": 1
    },
    {
      "id": 23279,
      "amount": 1
    },
    {
      "id": 9470,
      "amount": 1
    },
    {
      "id": 21015,
      "amount": 1
    },
    {
      "id": 4751,
      "amount": 1
    },
    {
      "id": 12889,
      "amount": 1
    },
    {
      "id": 1419,
      "amount": 1
    },
    {
      "id": 12888,
      "amount": 1
    },
    {
      "id": 12631,
      "amount": 1
    },
    {
      "id": 23264,
      "amount": 1
    },
    {
      "id": 12890,
      "amount": 1
    },
    {
      "id": 19478,
      "amount": 1
    },
    {
      "id": 13307,
      "amount": 18397281
    },
    {
      "id": 12873,
      "amount": 1
    },
    {
      "id": 2577,
      "amount": 2
    },
    {
      "id": 19484,
      "amount": 300
    },
    {
      "id": 11808,
      "amount": 1
    },
    {
      "id": 22810,
      "amount": 100
    },
    {
      "id": 4160,
      "amount": 1000
    },
    {
      "id": 12596,
      "amount": 1
    },
    {
      "id": 11826,
      "amount": 1
    },
    {
      "id": 11230,
      "amount": 505
    },
    {
      "id": 23389,
      "amount": 1
    },
    {
      "id": 20208,
      "amount": 1
    },
    {
      "id": 12389,
      "amount": 1
    },
    {
      "id": 19941,
      "amount": 1
    },
    {
      "id": 22622,
      "amount": 1
    },
    {
      "id": 22328,
      "amount": 1
    },
    {
      "id": 6570,
      "amount": 1
    },
    {
      "id": 12954,
      "amount": 1
    },
    {
      "id": 22545,
      "amount": 1
    },
    {
      "id": 30042,
      "amount": 1
    },
    {
      "id": 6914,
      "amount": 1
    },
    {
      "id": 20238,
      "amount": 1
    },
    {
      "id": 2550,
      "amount": 10
    },
    {
      "id": 24607,
      "amount": 500
    },
    {
      "id": 12892,
      "amount": 1
    },
    {
      "id": 13271,
      "amount": 1
    },
    {
      "id": 11840,
      "amount": 1
    },
    {
      "id": 2436,
      "amount": 20010
    },
    {
      "id": 2440,
      "amount": 20009
    },
    {
      "id": 2442,
      "amount": 20000
    },
    {
      "id": 2444,
      "amount": 20052
    },
    {
      "id": 3040,
      "amount": 19999
    },
    {
      "id": 10925,
      "amount": 20067
    },
    {
      "id": 3024,
      "amount": 20508
    },
    {
      "id": 6685,
      "amount": 20388
    },
    {
      "id": 145,
      "amount": 20000
    },
    {
      "id": 157,
      "amount": 20001
    },
    {
      "id": 163,
      "amount": 20000
    },
    {
      "id": 169,
      "amount": 20035
    },
    {
      "id": 3042,
      "amount": 20000
    },
    {
      "id": 10927,
      "amount": 20022
    },
    {
      "id": 3026,
      "amount": 20092
    },
    {
      "id": 6689,
      "amount": 20012
    },
    {
      "id": 147,
      "amount": 20000
    },
    {
      "id": 159,
      "amount": 20000
    },
    {
      "id": 165,
      "amount": 20000
    },
    {
      "id": 171,
      "amount": 20040
    },
    {
      "id": 3044,
      "amount": 20000
    },
    {
      "id": 10929,
      "amount": 20016
    },
    {
      "id": 3028,
      "amount": 20064
    },
    {
      "id": 6687,
      "amount": 20009
    },
    {
      "id": 149,
      "amount": 20000
    },
    {
      "id": 161,
      "amount": 20000
    },
    {
      "id": 167,
      "amount": 20000
    },
    {
      "id": 173,
      "amount": 20023
    },
    {
      "id": 3046,
      "amount": 20001
    },
    {
      "id": 10931,
      "amount": 20013
    },
    {
      "id": 3030,
      "amount": 20037
    },
    {
      "id": 6691,
      "amount": 20005
    },
    {
      "id": 385,
      "amount": 20094
    },
    {
      "id": 3144,
      "amount": 20000
    },
    {
      "id": 560,
      "amount": 20295792
    },
    {
      "id": 565,
      "amount": 20277397
    },
    {
      "id": 555,
      "amount": 20056386
    },
    {
      "id": 562,
      "amount": 20000000
    },
    {
      "id": 557,
      "amount": 20001000
    },
    {
      "id": 559,
      "amount": 40000000
    },
    {
      "id": 564,
      "amount": 20000000
    },
    {
      "id": 554,
      "amount": 20001000
    },
    {
      "id": 9075,
      "amount": 20000000
    },
    {
      "id": 556,
      "amount": 20000999
    },
    {
      "id": 563,
      "amount": 20000000
    },
    {
      "id": 566,
      "amount": 20278465
    },
    {
      "id": 561,
      "amount": 20000012
    },
    {
      "id": 9241,
      "amount": 20000
    },
    {
      "id": 9245,
      "amount": 20000
    },
    {
      "id": 9243,
      "amount": 20000
    },
    {
      "id": 9242,
      "amount": 19999
    },
    {
      "id": 9244,
      "amount": 100071628
    },
    {
      "id": 892,
      "amount": 20000
    },
    {
      "id": 2412,
      "amount": 20036
    },
    {
      "id": 10828,
      "amount": 20123
    },
    {
      "id": 7462,
      "amount": 20132
    },
    {
      "id": 11978,
      "amount": 20130
    }
  ],
  "tabAmounts": [
    151,
    57,
    0,
    0,
    0,
    0,
    0,
    0,
    0,
    0
  ],
  "placeholdersActive": false,
  "placeHolderAmount": 567,
  "hashedBankPin": "No bank pin.",
  "bankPinLength": 0,
  "recoveryDelay": 3,
  "lootingBag": [],
  "askHowManyToStore": false,
  "storeAsMany": false,
  "runePouch": [
    null,
    null,
    null,
    null
  ],
  "nifflerItems": [],
  "sackOfPresentItems": [],
  "totalCartValue": 0,
  "cartItems": [],
  "newFriends": [
    "Alt",
    "Itsdank",
    "Eco",
    "Burn One",
    "Im Sorry",
    "Perpetua",
    "Hollywood",
    "Hollywood Ud",
    "Bill Clittin"
  ],
  "newIgnores": [],
  "clan": "help",
  "yellColour": "000000",
  "dontAskAgainEldritch": false,
  "dontAskAgainVolatile": false,
  "dontAskAgainHarmonised": false,
  "currencyCollection": false,
  "emptyPotionVials": false,
  "gold_ags_spec": false,
  "gold_bgs_spec": false,
  "gold_sgs_spec": false,
  "gold_zgs_spec": false,
  "xpLocked": false,
  "levelUpMessages": true,
  "enableDidYouKnow": true,
  "enableDebugMessages": true,
  "savePresetLevels": false,
  "openPresetsOnDeath": false,
  "savedDuelConfig": [
    false,
    false,
    false,
    false,
    false,
    false,
    false,
    false,
    false,
    false,
    false,
    false,
    false,
    false,
    false,
    false,
    false,
    false,
    false,
    false,
    false,
    false
  ],
  "autoRepairBrokenItems": false,
  "votePoints": 0,
  "pestControlPoints": 0,
  "slayerRewardPoints": 335,
  "targetPoints": 0,
  "eloRating": 1104,
  "bossPoints": 1744,
  "riskzonePoints": 0,
  "tournamentPoints": 0,
  "teleportToTargetUnlocked": false,
  "preserve": false,
  "rigour": false,
  "augury": false,
  "botKills": 0,
  "botDeaths": 0,
  "kills": 2,
  "deaths": 18,
  "allTimeKills": 0,
  "allTimeDeaths": 0,
  "killstreak": 0,
  "highestKillstreak": 1,
  "wildernessStreak": 0,
  "shutdownRecord": 1,
  "recentKills": [
    "83.85.19.34"
  ],
  "firstKillOfTheDay": 1641955260212,
  "targetKills": 0,
  "kingBlackDragonsKilled": 0,
  "vetionsKilled": 0,
  "crazyArchaeologistsKilled": 0,
  "zulrahsKilled": 0,
  "alchysKilled": 0,
  "krakensKilled": 0,
  "revenantsKilled": 674,
  "ancientRevenantsKilled": 675,
  "iceDemonsKilled": 12,
  "elvargsKilled": 1,
  "lavaBeastsKilled": 527,
  "elFuegoKilled": 0,
  "derangedArchaeologistKilled": 0,
  "ancientKingBlackDragonsKilled": 0,
  "corruptedHunleffsKilled": 0,
  "ancientChaosElementalsKilled": 0,
  "ancientBarrelchestsKilled": 0,
  "kerberosKilled": 0,
  "arachneKilled": 0,
  "skorpiosKilled": 0,
  "artioKilled": 2,
  "jadsKilled": 0,
  "chaosElementalsKilled": 0,
  "demonicGorillasKilled": 0,
  "barrelchestsKilled": 0,
  "corporealBeastsKilled": 0,
  "abyssalSiresKilled": 1,
  "vorkathsKilled": 0,
  "lizardmanShamansKilled": 0,
  "barrowsChestsOpened": 0,
  "corruptedNechryarchsKilled": 4,
  "fluffysKilled": 0,
  "dementorsKilled": 0,
  "hungarianHorntailsKilled": 0,
  "fenrirGreybacksKilled": 0,
  "scorpiasKilled": 0,
  "callistosKilled": 21,
  "molesKilled": 123,
  "nightmaresKilled": 0,
  "rexKilled": 0,
  "primeKilled": 0,
  "supremeKilled": 0,
  "kalphiteQueensKilled": 0,
  "lavaDragonsKilled": 0,
  "skotizosKilled": 14,
  "zombieChampionsKilled": 10,
  "brutalLavaDragonsKilled": 21,
  "tektonsKilled": 15,
  "chaosFanaticsKilled": 5,
  "thermonuclearSmokeDevilKilled": 0,
  "venenatisKilled": 0,
  "aragogKC": 0,
  "chamberOfSecretRuns": 0,
  "smokeDevilKills": 0,
  "superiorCreatureKills": 12,
  "crawlingHandKills": 0,
  "caveBugKills": 0,
  "caveCrawlerKills": 0,
  "bansheeKills": 0,
  "caveSlimeKills": 0,
  "rockslugKills": 0,
  "desertLizardKills": 0,
  "cockatriceKills": 0,
  "pyrefiendKills": 0,
  "mogreKills": 0,
  "harpieBugSwarmKills": 0,
  "wallBeastKills": 0,
  "killerwattKills": 0,
  "molaniskKills": 0,
  "basiliskKills": 0,
  "seaSnakeKills": 0,
  "terrorDogKills": 0,
  "feverSpiderKills": 0,
  "infernalMageKills": 0,
  "brineRatKills": 0,
  "bloodveldKills": 109,
  "jellyKills": 0,
  "turothKills": 0,
  "zygomiteKills": 0,
  "caveHorrorKills": 0,
  "aberrantSpectreKills": 0,
  "spiritualWarriorKills": 0,
  "kuraskKills": 0,
  "skeletalWyvernKills": 0,
  "gargoyleKills": 0,
  "nechryaelKills": 239,
  "spiritualMageKills": 0,
  "abyssalDemonKills": 49,
  "caveKrakenKills": 0,
  "darkBeastKills": 0,
  "brutalBlackDragonKills": 0,
  "fossilIslandWyvernKills": 0,
  "wyrmKills": 0,
  "drakeKills": 0,
  "hydraKills": 0,
  "basiliskKnightKills": 0,
  "menInBlackKills": 0,
  "bossTimers": {
    "Callisto": 2
  },
  "recentTeleports": [
    "BANDIT_CAMP",
    "GIANT_MOLE",
    "CORRUPTED_NECHRYARCH",
    "BLACK_CHINS",
    "WORLD_BOSS",
    "SCORPIA",
    "CATACOMBS",
    "KBD",
    "REV_CAVES",
    "DEMONIC_RUINS",
    "CHAOS_FAN",
    "VENENATIS",
    "BRINE_RAT_CAVE",
    "TAVERLEY_DUNGEON",
    "KRAKEN",
    "CHAOS_ELEMENTAL"
  ],
  "favoriteTeleports": [],
  "collectionLog": {
    "DONATOR_MYSTERY_BOX": [
      {
        "id": 1046,
        "amount": 1
      },
      {
        "id": 12891,
        "amount": 1
      },
      {
        "id": 19941,
        "amount": 1
      },
      {
        "id": 6666,
        "amount": 1
      },
      {
        "id": 23261,
        "amount": 1
      },
      {
        "id": 23279,
        "amount": 1
      },
      {
        "id": 9470,
        "amount": 1
      },
      {
        "id": 20208,
        "amount": 1
      },
      {
        "id": 12889,
        "amount": 1
      },
      {
        "id": 12888,
        "amount": 1
      },
      {
        "id": 1419,
        "amount": 1
      },
      {
        "id": 12389,
        "amount": 1
      },
      {
        "id": 12890,
        "amount": 1
      },
      {
        "id": 23264,
        "amount": 1
      }
    ],
    "BRUTAL_LAVA_DRAGON": [
      {
        "id": 18335,
        "amount": 1
      }
    ],
    "SLAYER_KEY": [
      {
        "id": 2577,
        "amount": 3
      },
      {
        "id": 21979,
        "amount": 50
      },
      {
        "id": 12626,
        "amount": 55
      },
      {
        "id": 2581,
        "amount": 8
      },
      {
        "id": 13307,
        "amount": 6112
      },
      {
        "id": 11834,
        "amount": 2
      },
      {
        "id": 30185,
        "amount": 2
      },
      {
        "id": 13237,
        "amount": 2
      },
      {
        "id": 6585,
        "amount": 2
      },
      {
        "id": 23686,
        "amount": 80
      },
      {
        "id": 11134,
        "amount": 4
      },
      {
        "id": 6734,
        "amount": 4
      },
      {
        "id": 6738,
        "amount": 7
      },
      {
        "id": 21902,
        "amount": 4
      },
      {
        "id": 11830,
        "amount": 3
      },
      {
        "id": 6732,
        "amount": 4
      },
      {
        "id": 12906,
        "amount": 60
      },
      {
        "id": 12006,
        "amount": 6
      },
      {
        "id": 11832,
        "amount": 1
      },
      {
        "id": 6736,
        "amount": 4
      },
      {
        "id": 13235,
        "amount": 1
      },
      {
        "id": 11826,
        "amount": 1
      }
    ],
    "ENCHANTED_KEY_R": [
      {
        "id": 12906,
        "amount": 1280
      },
      {
        "id": 24607,
        "amount": 500
      },
      {
        "id": 11230,
        "amount": 480
      },
      {
        "id": 20238,
        "amount": 1
      },
      {
        "id": 6914,
        "amount": 1
      },
      {
        "id": 30042,
        "amount": 1
      },
      {
        "id": 19484,
        "amount": 200
      },
      {
        "id": 2551,
        "amount": 10
      },
      {
        "id": 13307,
        "amount": 6000
      }
    ],
    "REVENANTS": [
      {
        "id": 22653,
        "amount": 1
      },
      {
        "id": 21810,
        "amount": 1
      },
      {
        "id": 22545,
        "amount": 1
      },
      {
        "id": 21807,
        "amount": 3
      },
      {
        "id": 22302,
        "amount": 1
      },
      {
        "id": 22305,
        "amount": 1
      },
      {
        "id": 22625,
        "amount": 1
      },
      {
        "id": 22299,
        "amount": 1
      }
    ],
    "ANCIENT_REVENANTS": [
      {
        "id": 22644,
        "amount": 1
      },
      {
        "id": 24992,
        "amount": 2
      },
      {
        "id": 24989,
        "amount": 6
      },
      {
        "id": 24990,
        "amount": 3
      },
      {
        "id": 22545,
        "amount": 1
      },
      {
        "id": 22656,
        "amount": 1
      },
      {
        "id": 22647,
        "amount": 1
      },
      {
        "id": 24994,
        "amount": 1
      }
    ],
    "LAVA_BEAST": [
      {
        "id": 30029,
        "amount": 102
      }
    ],
    "LEGENDARY_MYSTERY_BOX": [
      {
        "id": 14901,
        "amount": 1
      },
      {
        "id": 6585,
        "amount": 10
      },
      {
        "id": 22619,
        "amount": 1
      }
    ],
    "ZOMBIES_CHAMPION": [
      {
        "id": 22613,
        "amount": 1
      }
    ],
    "SLAYER": [
      {
        "id": 4151,
        "amount": 1
      }
    ],
    "MOLTEN_KEY": [
      {
        "id": 11283,
        "amount": 11
      },
      {
        "id": 11840,
        "amount": 14
      },
      {
        "id": 13652,
        "amount": 9
      },
      {
        "id": 16451,
        "amount": 8
      },
      {
        "id": 16452,
        "amount": 6
      },
      {
        "id": 13307,
        "amount": 690000
      },
      {
        "id": 16456,
        "amount": 7
      },
      {
        "id": 30185,
        "amount": 9
      }
    ],
    "CALLISTO": [
      {
        "id": 2944,
        "amount": 1
      }
    ],
    "ARMOUR_MYSTERY_BOX": [
      {
        "id": 11840,
        "amount": 2
      },
      {
        "id": 6918,
        "amount": 4
      },
      {
        "id": 6924,
        "amount": 1
      },
      {
        "id": 6916,
        "amount": 1
      },
      {
        "id": 10551,
        "amount": 2
      },
      {
        "id": 21892,
        "amount": 1
      },
      {
        "id": 21301,
        "amount": 1
      },
      {
        "id": 6920,
        "amount": 2
      },
      {
        "id": 12421,
        "amount": 1
      },
      {
        "id": 12831,
        "amount": 1
      },
      {
        "id": 12419,
        "amount": 1
      },
      {
        "id": 12873,
        "amount": 1
      },
      {
        "id": 22328,
        "amount": 1
      }
    ],
    "LARRANS_KEY_III": [
      {
        "id": 11806,
        "amount": 1
      }
    ],
    "WEAPON_MYSTERY_BOX": [
      {
        "id": 24144,
        "amount": 1
      },
      {
        "id": 24225,
        "amount": 2
      },
      {
        "id": 13265,
        "amount": 1
      },
      {
        "id": 11806,
        "amount": 1
      },
      {
        "id": 13271,
        "amount": 3
      },
      {
        "id": 11235,
        "amount": 2
      },
      {
        "id": 19484,
        "amount": 100
      },
      {
        "id": 11824,
        "amount": 1
      },
      {
        "id": 19481,
        "amount": 1
      },
      {
        "id": 21902,
        "amount": 2
      },
      {
        "id": 11791,
        "amount": 1
      },
      {
        "id": 12809,
        "amount": 1
      },
      {
        "id": 19478,
        "amount": 1
      }
    ]
  },
  "achievements": {
    "DEEP_WILD_III": 2,
    "SKILLER_II": 0,
    "BARROWS_III": 0,
    "VOTE_FOR_US_II": 0,
    "VORKY_II": 0,
    "YAK_HUNTER": 0,
    "PURE_I": 0,
    "MOLTEN_LOOTER_II": 50,
    "TSJERNOBYL_I": 0,
    "MAGE_ARENA_IV": 0,
    "WHATS_IN_THE_BOX_III": 67,
    "THIEF_II": 25,
    "BARROWS_II": 0,
    "SKILLER_IV": 0,
    "DRAGON_SLAYER_IV": 0,
    "ENCHANTED_LOOTER_R_III": 12,
    "TASK_MASTER_II": 0,
    "VOTE_FOR_US_I": 0,
    "EXPERIMENTS_HUNTER": 0,
    "KEEP_IT_100_I": 2,
    "EXTREME_DEEP_WILD_I": 1,
    "SURVIVOR_I": 0,
    "VETION_III": 0,
    "DEEP_WILD_II": 2,
    "REVENANT_HUNTER_II": 500,
    "EXTREME_DEEP_WILD_III": 1,
    "MAGE_ARENA_II": 0,
    "VOTE_FOR_US_III": 0,
    "COMPLETIONIST": 0,
    "FIGHT_CAVES_I": 0,
    "SNAKE_CHARMER_II": 0,
    "BARK_SCORPION_I": 0,
    "GODWAR": 0,
    "PURE_IV": 0,
    "SQUIDWARD_III": 0,
    "SQUIDWARD_I": 0,
    "LARRANS_LOOTER_II": 1,
    "CORPOREAL_CRITTER": 0,
    "ULTIMATE_CHAOS_II": 0,
    "DR_CURT_CONNORS_II": 0,
    "BLOODTHIRSTY_II": 0,
    "SQUIDWARD_II": 0,
    "SNAKE_CHARMER_III": 0,
    "PET_TAMER_II": 0,
    "FIGHT_CAVES_III": 0,
    "CRYSTAL_LOOTER_I": 6,
    "ZERKER_II": 0,
    "EXTREME_DEEP_WILD_II": 1,
    "PURE_II": 0,
    "LORD_OF_THE_RINGS_I": 0,
    "PVP_I": 2,
    "TSJERNOBYL_III": 0,
    "BARROWS_V": 0,
    "ENCHANTED_LOOTER_P_I": 0,
    "ENCHANTED_LOOTER_P_III": 0,
    "TASK_MASTER_I": 0,
    "ULTIMATE_CHAOS_III": 0,
    "CRYSTAL_LOOTER_III": 6,
    "REVENANT_HUNTER_III": 1349,
    "PUNCHING_BAGS_I": 1,
    "PUNCHING_BAGS_III": 1,
    "BARROWS_IV": 0,
    "DHAROK_BOMBER_I": 0,
    "DRAGON_SLAYER_III": 0,
    "PUNCHING_BAGS_II": 1,
    "BARROWS_I": 0,
    "BUG_EXTERMINATOR_II": 0,
    "KEEP_IT_100_III": 2,
    "BEAR_GRYLLS_II": 21,
    "AMPUTEE_ANNIHILATION_III": 1,
    "HOLEY_MOLEY_II": 50,
    "LARRANS_LOOTER_I": 1,
    "REVENANT_HUNTER_IV": 1349,
    "THIEF_IV": 0,
    "HOLEY_MOLEY_III": 100,
    "MAGE_ARENA_III": 0,
    "DHAROK_BOMBER_II": 0,
    "MOLTEN_LOOTER_III": 75,
    "SKILLER_III": 0,
    "BOUNTY_HUNTER_I": 0,
    "BOUNTY_HUNTER_II": 0,
    "MOLTEN_LOOTER_I": 10,
    "BABY_ARAGOG_III": 0,
    "VORKY_III": 0,
    "SURVIVOR_II": 0,
    "MASTER_THIEF": 35,
    "FLUFFY_I": 1,
    "VETION_II": 0,
    "BEAR_GRYLLS_I": 21,
    "FIGHT_CAVES_II": 0,
    "REVENANT_HUNTER_I": 250,
    "BLOODTHIRSTY_I": 0,
    "DRAGON_SLAYER_II": 0,
    "SAND_CRAB_HUNTER": 0,
    "ZERKER_IV": 0,
    "HOLEY_MOLEY_I": 10,
    "ZERKER_III": 0,
    "PVP_III": 2,
    "TASK_MASTER_III": 0,
    "ENCHANTED_LOOTER_P_II": 0,
    "DR_CURT_CONNORS_III": 0,
    "BOUNTY_HUNTER_III": 0,
    "WHATS_IN_THE_BOX_I": 10,
    "DRAGON_SLAYER_I": 44,
    "TSJERNOBYL_II": 0,
    "ZERKER_I": 0,
    "WHATS_IN_THE_BOX_II": 50,
    "THIEF_I": 10,
    "VETION_I": 0,
    "AMPUTEE_ANNIHILATION_II": 1,
    "BARK_SCORPION_II": 0,
    "ROCK_CRAB_HUNTER": 0,
    "PURE_III": 0,
    "BLOODTHIRSTY_III": 0,
    "ENCHANTED_LOOTER_R_I": 10,
    "SNAKE_CHARMER_I": 0,
    "MAGE_ARENA_I": 0,
    "KEEP_IT_100_II": 2,
    "ENCHANTED_LOOTER_R_II": 12,
    "BARK_SCORPION_III": 0,
    "LORD_OF_THE_RINGS_II": 0,
    "AMPUTEE_ANNIHILATION_I": 1,
    "VORKY_I": 0,
    "PET_TAMER_I": 0,
    "CRYSTAL_LOOTER_II": 6,
    "ULTIMATE_CHAOS_I": 0,
    "BUG_EXTERMINATOR_I": 0,
    "PVP_II": 2,
    "BEAR_GRYLLS_III": 21,
    "SKILLER_I": 1,
    "DEEP_WILD_I": 2,
    "DR_CURT_CONNORS_I": 0,
    "BABY_ARAGOG_I": 0,
    "LARRANS_LOOTER_III": 1,
    "THIEF_III": 0,
    "DHAROK_BOMBER_III": 0,
    "FLUFFY_II": 1,
    "BABY_ARAGOG_II": 0
  },
  "achievementsCompleted": 0,
  "antiFireResistant": false,
  "venomResistant": false,
  "rockyBalboaTitle": false,
  "task": "NONE",
  "taskAmount": 0,
  "taskCompletionAmount": 0,
  "totalTasksCompleted": 0,
  "canClaimTaskReward": false,
  "playerKillsWithoutLeavingWild": 0,
  "treasuresOpened": 0,
  "referalMilestone10hoursPassed": false,
  "referalMilestone1dayPassed": false,
  "referrerUsername": "",
  "referralsCount": 0,
  "databaseId": 8241,
  "referalMilestone3refs": false,
  "staminaTicks": 0,
  "overloadTicks": 0,
  "antifireTicks": 0,
  "superAntiFire": false,
  "larranKeysUsed": 0,
  "earningPotential": 302,
  "enchantedAGSAttempts": 0,
  "enchantedBGSAttempts": 0,
  "enchantedSGSAttempts": 0,
  "enchantedZGSAttempts": 0,
  "enchantedFuryAttempts": 0,
  "enchantedOccultAttempts": 0,
  "enchantedTortureAttempts": 0,
  "enchantedAnguishAttempts": 0,
  "enchantedBNeckAttempts": 0,
  "enchantedGmaulAttempts": 0,
  "enchantedTBraceAttempts": 0,
  "enchantedDDefAttempts": 0,
  "enchantedDBootsAttempts": 0,
  "enchantedRunePouchAttempts": 0,
  "enchantedDClawsAttempts": 0,
  "enchantedROMAttempts": 0,
  "enchantedROSAttempts": 0,
  "enchantedROPAttempts": 0,
  "enchantedROTAttempts": 0,
  "enchantedSlayerHelmIAttempts": 0,
  "enchantedGreenSlayerHelmIAttempts": 0,
  "enchantedTurquoiseSlayerHelmIAttempts": 0,
  "enchantedRedSlayerHelmIAttempts": 0,
  "enchantedBlackSlayerHelmIAttempts": 0,
  "enchantedTwistedSlayerHelmIAttempts": 0,
  "larransKeyIIAttempts": 6,
  "larransKeyIIIAttempts": 3,
  "blowpipeAttempts": 0,
  "twistedBowAttempts": 0,
  "ancestralHatAttempts": 0,
  "ancestralTopAttempts": 0,
  "ancestralBottomAttempts": 0,
  "primordialBootsAttempts": 0,
  "infernalCapeAttempts": 0,
  "sanguistiStaffAttempts": 0,
  "ghraziRapierAttempts": 0,
  "scytheOfViturAttempts": 0,
  "pegasianBootsAttempts": 0,
  "eternalBootsAttempts": 0,
  "viggorasChainmaceAttempts": 0,
  "crawsBowAttempts": 0,
  "thammaronsStaffAttempts": 0,
  "corruptedBootsAttempts": 0,
  "ancientFaceguardAttempts": 0,
  "toxicStaffOfTheDeadAttempts": 0,
  "presentsOpened": 1,
  "armourMysteryBoxesOpened": 19,
  "donatorMysteryBoxesOpened": 15,
  "legendaryMysteryBoxesOpened": 3,
  "petMysteryBoxesOpened": 0,
  "regularMysteryBoxesOpened": 9,
  "weaponMysteryBoxesOpened": 20,
  "presentMysteryBoxesOpened": 0,
  "moltenMysteryBoxesOpened": 0,
  "epicPetMysteryBoxesOpened": 0,
  "raidsMysteryBoxesOpened": 0,
  "zenyteMysteryBoxesOpened": 0,
  "mysteryChestsOpened": 0,
  "raresFromMysteryBox": 4,
  "slayerKeysOpened": 148,
  "slayerKeysReceived": 142,
  "doubleExpTicks": 0,
  "dropRateLampTicks": 0,
  "ethereumAbsorption": false,
  "jailed": 0,
  "jailOresToEscape": 0,
  "jailOresMined": 0,
  "locBeforeJail": {
    "x": 3092,
    "y": 3500,
    "level": 0,
    "firstChunkX": 386,
    "firstChunkY": 437
  },
  "tournamentWins": 0,
  "lostCannon": false,
  "wildernessCourseState": 0,
  "edgePvpDailyAmount": 0,
  "edgePvpDailyCompleted": false,
  "edgePvpDailyRewardClaimed": false,
  "revCavePvpDailyAmount": 0,
  "revCavePvpDailyCompleted": false,
  "revCavePvpDailyRewardClaimed": false,
  "deepWildPvpDailyAmount": 0,
  "deepWildPvpDailyCompleted": false,
  "deepWildPvpDailyRewardClaimed": false,
  "purePvpeDailyAmount": 0,
  "purePvpDailyCompleted": false,
  "purePvpDailyRewardClaimed": false,
  "zekerPvpDailyAmount": 0,
  "zekerPvpDailyCompleted": false,
  "zekerPVPDailyRewardClaimed": false,
  "tierUpgradePvpDailyAmount": 0,
  "tierUpgradePvpDailyCompleted": false,
  "tierUpgradePvpDailyRewardClaimed": false,
  "noArmPvpDailyAmount": 0,
  "noArmPvpDailyCompleted": false,
  "noArmPvpDailyRewardClaimed": false,
  "dharokPvpDailyAmount": 0,
  "dharokPvpDailyCompleted": false,
  "dharokPvpDailyRewardClaimed": false,
  "botsPvpDailyAmount": 0,
  "botsPvpDailyCompleted": false,
  "botsPvpDailyRewardClaimed": false,
  "tourneyParticipationDailyAmount": 0,
  "tourneyParticipationDailyCompleted": false,
  "tourneyParticipationDailyRewardClaimed": false,
  "dailyRaidsDailyAmount": 0,
  "dailyRaidsDailyCompleted": false,
  "dailyRaidsDailyRewardClaimed": false,
  "worldBossDailyDailyAmount": 1,
  "worldBossDailyDailyCompleted": false,
  "worldBossDailyRewardClaimed": false,
  "revenantsDailyAmount": 0,
  "revenantsDailyCompleted": false,
  "revenantsDailyRewardClaimed": false,
  "battleMageDailyAmount": 0,
  "battleMageDailyCompleted": false,
  "battleMageDailyRewardClaimed": false,
  "wildernessBossDailyAmount": 0,
  "wildernessBossDailyCompleted": false,
  "wildernessBossDailyRewardClaimed": false,
  "zulrahDailyAmount": 0,
  "zulrahDailyCompleted": false,
  "zulrahDailyRewardClaimed": false,
  "slayerDailyAmount": 0,
  "slayerDailyCompleted": false,
  "slayerDailyRewardClaimed": false,
  "corruptedNechryarchDailyAmount": 0,
  "corruptedNechryarchDailyCompleted": false,
  "corruptedNechryarchDailyRewardClaimed": false,
  "vorkathDailyAmount": 0,
  "vorkathDailyCompleted": false,
  "vorkathDailyRewardClaimed": false,
  "corporealBeastDailyAmount": 0,
  "corporealBeastDailyCompleted": false,
  "corporealBeastDailyRewardClaimed": false,
  "wildyRunnerDailyAmount": 0,
  "wildyRunnerDailyCompleted": false,
  "wildyRunnerDailyRewardClaimed": false,
  "alchemicalHydraLogClaimed": false,
  "ancientBarrelchestLogClaimed": false,
  "ancientChaosElementalLogClaimed": false,
  "ancientKingBlackDragonLogClaimed": false,
  "arachneLogClaimed": false,
  "artioLogClaimed": false,
  "barrelchestLogClaimed": false,
  "brutalLavaDragonLogClaimed": false,
  "callistoLogClaimed": false,
  "cerberusLogClaimed": false,
  "chaosElementalLogClaimed": false,
  "chaosFanaticLogClaimed": false,
  "corporealBeastLogClaimed": false,
  "corruptedNechryarchLogClaimed": false,
  "crazyArchaeologistLogClaimed": false,
  "demonicGorillaLogClaimed": false,
  "giantMoleLogClaimed": false,
  "kerberosLogClaimed": false,
  "kingBlackDragonLogClaimed": false,
  "krakenLogClaimed": false,
  "lavaDragonLogClaimed": false,
  "lizardmanShamanLogClaimed": false,
  "scorpiaLogClaimed": false,
  "skorpiosLogClaimed": false,
  "skotizoLogClaimed": false,
  "tektonLogClaimed": false,
  "thermonuclearSmokeDevilLogClaimed": false,
  "theNightmareLogClaimed": false,
  "corruptedHunleffLogClaimed": false,
  "menInBlackLogClaimed": false,
  "tztokJadLogClaimed": false,
  "venenatisLogClaimed": false,
  "vetionLogClaimed": false,
  "vorkathLogClaimed": false,
  "zombiesChampionLogClaimed": false,
  "zulrahLogClaimed": false,
  "armourMysteryBoxLogClaimed": false,
  "donatorMysteryBoxLogClaimed": false,
  "epicPetMysteryBoxLogClaimed": false,
  "mysteryChestLogClaimed": false,
  "raidsMysteryBoxLogClaimed": false,
  "weaponMysteryBoxLogClaimed": false,
  "legendaryMysteryBoxLogClaimed": false,
  "zenyteLogClaimed": false,
  "crystalKeyLogClaimed": false,
  "moltenKeyLogClaimed": false,
  "enchantedKeyRLogClaimed": false,
  "enchantedKeyPLogClaimed": false,
  "larransKeyTierILogClaimed": false,
  "larransKeyTierIILogClaimed": false,
  "larransKeyTierIIILogClaimed": false,
  "slayerKeyLogClaimed": false,
  "wildernessKeyLogClaimed": false,
  "ancientRevenantsLogClaimed": false,
  "chamberOfSecretsLogClaimed": false,
  "revenantsLogClaimed": false,
  "slayerLogClaimed": false,
  "lastDailyReset": 13,
  "finishedHalloweenDialogue": false,
  "candiesTraded": -1,
  "eventReward1Claimed": false,
  "eventReward2Claimed": false,
  "eventReward3Claimed": false,
  "eventReward4Claimed": false,
  "eventReward5Claimed": false,
  "eventReward6Claimed": false,
  "eventReward7Claimed": false,
  "eventReward8Claimed": false,
  "eventReward9Claimed": false,
  "eventReward10Claimed": false,
  "eventReward11Claimed": false,
  "eventReward12Claimed": false,
  "eventReward13Claimed": false,
  "eventReward14Claimed": false,
  "eventReward15Claimed": false,
  "eventReward16Claimed": false,
  "eventReward17Claimed": false,
  "eventReward18Claimed": false,
  "eventReward19Claimed": false,
  "eventReward20Claimed": false,
  "eventReward21Claimed": false,
  "eventReward22Claimed": false,
  "eventReward23Claimed": false,
  "eventReward24Claimed": false,
  "eventReward25Claimed": false,
  "eventReward26Claimed": false,
  "eventReward27Claimed": false,
  "eventReward28Claimed": false,
  "eventReward29Claimed": false,
  "eventReward30Claimed": false,
  "eventReward31Claimed": false,
  "eventReward32Claimed": false,
  "eventReward33Claimed": false,
  "eventReward34Claimed": false,
  "eventReward35Claimed": false,
  "eventReward36Claimed": false,
  "eventReward37Claimed": false,
  "eventReward38Claimed": false,
  "eventReward39Claimed": false,
  "eventReward40Claimed": false,
  "eventReward41Claimed": false,
  "eventReward42Claimed": false,
  "eventReward43Claimed": false,
  "eventReward44Claimed": false,
  "winterEventTokensSpent": 0,
  "herbBoxCharges": 0,
  "claimedDonatorRewards": false,
  "snowMonsterTimer": 6
}