{
  "username": "A God",
  "password": "$2a$10$qKaOmPcXhUARwTkRd82MmOelg7eRiY/Wi8CNiZgxYvyf.Mgsg9S6m",
  "title": "I AM",
  "titleColor": "<col=006000>",
  "tile": {
    "x": 3370,
    "y": 3266,
    "level": 0,
    "firstChunkX": 421,
    "firstChunkY": 408
  },
  "gameTime": 827751,
  "runEnergy": 100.0,
  "running": true,
  "playerRights": "PLAYER",
  "memberRights": "ELITE_MEMBER",
  "gameMode": "INSTANT_PKER",
  "ironMode": "NONE",
  "darkLordLives": 3,
  "lastIP": "156.34.155.88",
  "mac": "48-45-20-96-DF-5C",
  "accountPin": 12174,
  "askAccountPin": false,
  "accountPinAttemptsLeft": 5,
  "accountPinFrozenTicks": 0,
  "creationDate": "Jul 30, 2021, 11:05:46 AM",
  "creationIp": "156.34.199.14",
  "lastLogin": "Dec 4, 2021, 11:50:58 AM",
  "muted": false,
  "lastBMClaim": 0,
  "isCombatMaxed": false,
  "starterWeaponDamage": 141,
  "newPlayer": false,
  "isBetaTester": false,
  "veteran": false,
  "veteranGiftClaimed": false,
  "playtimeGiftClaimed": true,
  "gambler": false,
  "starterboxClaimed": false,
  "clanBoxOpened": false,
  "promoCodeClaimed": false,
  "receivedMonthlySponsorRewards": false,
  "receivedTopPkerReward": false,
  "topPkerPosition": 0,
  "female": false,
  "looks": [
    1,
    10,
    18,
    26,
    33,
    36,
    42
  ],
  "colors": [
    0,
    0,
    0,
    0,
    0
  ],
  "spellBook": "LUNAR",
  "fightType": "WHIP_DEFLECT",
  "fightTypeVarp": 43,
  "fightTypeVarpState": 2,
  "autoRetaliate": false,
  "previousSpellbook": "NORMAL",
  "venomTicks": 0,
  "poisonTicks": 0,
  "specPercentage": 100,
  "recoilCharges": 40,
  "targetSearchTimer": 0,
  "specialAttackRestoreTimer": 0,
  "skullTimer": 0,
  "skullType": "NO_SKULL",
  "quickPrayers": [
    null,
    null,
    null,
    null,
    null,
    null,
    null,
    null,
    null,
    null,
    null,
    null,
    null,
    null,
    null,
    null,
    null,
    null,
    null,
    null,
    null,
    "RETRIBUTION",
    null,
    null,
    null,
    null,
    "PIETY",
    null,
    null
  ],
  "presets": [
    {
      "name": "Nher",
      "inventory": [
        {
          "id": 169,
          "amount": 1
        },
        {
          "id": 10927,
          "amount": 1
        },
        {
          "id": 10925,
          "amount": 1
        },
        {
          "id": 12625,
          "amount": 1
        },
        {
          "id": 10925,
          "amount": 1
        },
        {
          "id": 10925,
          "amount": 1
        },
        {
          "id": 10925,
          "amount": 1
        },
        {
          "id": 6685,
          "amount": 1
        },
        {
          "id": 6685,
          "amount": 1
        },
        {
          "id": 6685,
          "amount": 1
        },
        {
          "id": 6685,
          "amount": 1
        },
        {
          "id": 6685,
          "amount": 1
        },
        {
          "id": 157,
          "amount": 1
        },
        {
          "id": 6685,
          "amount": 1
        },
        {
          "id": 6685,
          "amount": 1
        },
        {
          "id": 24225,
          "amount": 1
        },
        {
          "id": 11802,
          "amount": 1
        },
        {
          "id": 6685,
          "amount": 1
        },
        {
          "id": 6685,
          "amount": 1
        },
        {
          "id": 10499,
          "amount": 1
        },
        {
          "id": 22641,
          "amount": 1
        },
        {
          "id": 12006,
          "amount": 1
        },
        {
          "id": 12791,
          "amount": 1
        },
        {
          "id": 11785,
          "amount": 1
        },
        {
          "id": 22644,
          "amount": 1
        },
        {
          "id": 12954,
          "amount": 1
        },
        {
          "id": 22586,
          "amount": 1
        }
      ],
      "equipment": [
        {
          "id": 10828,
          "amount": 1
        },
        {
          "id": 21795,
          "amount": 1
        },
        {
          "id": 12002,
          "amount": 1
        },
        {
          "id": 11791,
          "amount": 1
        },
        {
          "id": 4712,
          "amount": 1
        },
        {
          "id": 12831,
          "amount": 1
        },
        {
          "id": 4714,
          "amount": 1
        },
        {
          "id": 7462,
          "amount": 1
        },
        {
          "id": 6920,
          "amount": 1
        },
        {
          "id": 6737,
          "amount": 1
        },
        {
          "id": 21948,
          "amount": 1000
        }
      ],
      "stats": [
        99,
        99,
        99,
        99,
        99,
        99,
        99
      ],
      "spellbook": "ANCIENT",
      "index": 0,
      "isGlobal": false,
      "runePouch": [
        {
          "id": 555,
          "amount": 14274
        },
        {
          "id": 565,
          "amount": 4758
        },
        {
          "id": 560,
          "amount": 9516
        }
      ]
    },
    {
      "name": "Ranger",
      "inventory": [
        {
          "id": 10925,
          "amount": 1
        },
        {
          "id": 10925,
          "amount": 1
        },
        {
          "id": 10925,
          "amount": 1
        },
        {
          "id": 10925,
          "amount": 1
        },
        {
          "id": 10925,
          "amount": 1
        },
        {
          "id": 10925,
          "amount": 1
        },
        {
          "id": 10925,
          "amount": 1
        },
        {
          "id": 10925,
          "amount": 1
        },
        {
          "id": 10925,
          "amount": 1
        },
        {
          "id": 10925,
          "amount": 1
        },
        {
          "id": 10925,
          "amount": 1
        },
        {
          "id": 10925,
          "amount": 1
        },
        {
          "id": 6685,
          "amount": 1
        },
        {
          "id": 6685,
          "amount": 1
        },
        {
          "id": 6685,
          "amount": 1
        },
        {
          "id": 6685,
          "amount": 1
        },
        {
          "id": 6685,
          "amount": 1
        },
        {
          "id": 6685,
          "amount": 1
        },
        {
          "id": 6685,
          "amount": 1
        },
        {
          "id": 6685,
          "amount": 1
        },
        {
          "id": 6685,
          "amount": 1
        },
        {
          "id": 6685,
          "amount": 1
        },
        {
          "id": 6685,
          "amount": 1
        },
        {
          "id": 22586,
          "amount": 1
        },
        {
          "id": 16005,
          "amount": 1
        },
        {
          "id": 6685,
          "amount": 1
        },
        {
          "id": 6685,
          "amount": 1
        }
      ],
      "equipment": [
        {
          "id": 11664,
          "amount": 1
        },
        {
          "id": 22109,
          "amount": 1
        },
        {
          "id": 11978,
          "amount": 1
        },
        {
          "id": 22550,
          "amount": 1
        },
        {
          "id": 13072,
          "amount": 1
        },
        {
          "id": 13073,
          "amount": 1
        },
        {
          "id": 8842,
          "amount": 1
        },
        {
          "id": 3105,
          "amount": 1
        }
      ],
      "stats": [
        99,
        99,
        99,
        99,
        99,
        99,
        99
      ],
      "spellbook": "LUNAR",
      "index": 1,
      "isGlobal": false,
      "runePouch": []
    },
    null,
    null,
    null,
    null,
    null,
    null,
    null,
    null,
    null,
    null,
    null,
    null,
    null,
    null,
    null,
    null,
    null,
    null
  ],
  "lastPreset": [
    false,
    0.0
  ],
  "specialTeleblockTimer": 0,
  "totalAmountPaid": 336.0,
  "promoPaymentAmount": 80.94999999999999,
  "promoItemsClaimed": 0,
  "memberUnlocked": true,
  "superMemberUnlocked": true,
  "eliteMemberUnlocked": true,
  "extremeMemberUnlocked": false,
  "legendaryMemberUnlocked": false,
  "vipUnlocked": false,
  "sponsorMemberUnlocked": false,
  "dynamicLevels": [
    99,
    99,
    99,
    99,
    99,
    99,
    99,
    1,
    1,
    1,
    1,
    1,
    1,
    1,
    1,
    1,
    8,
    1,
    81,
    1,
    1,
    1,
    1
  ],
  "skillXP": [
    1.3061833666666668E7,
    1.3040561666666668E7,
    1.3511769666666668E7,
    1.3359796333333338E7,
    1.3492487E7,
    1.3034431E7,
    1.3051079E7,
    0.0,
    0.0,
    0.0,
    0.0,
    0.0,
    0.0,
    0.0,
    0.0,
    0.0,
    960.0,
    0.0,
    2381400.0,
    0.0,
    0.0,
    0.0,
    0.0
  ],
  "activePetItemId": 0,
  "unlockedPets": [
    4726,
    4445,
    4849,
    4332
  ],
  "insuredPets": [],
  "slayerTaskId": 0,
  "slayerTaskAmount": 0,
  "slayerMasterId": 0,
  "slayerTaskStreak": 0,
  "slayerTaskStreakRecord": 0,
  "completedSlayerTasks": 0,
  "wildernessSlayerActive": false,
  "wildernessSlayerDescribed": false,
  "slayerPartner": "None",
  "blockedSlayerTasks": [],
  "slayerUnlocks": {},
  "slayerExtensionsList": {},
  "inventory": [
    null,
    null,
    null,
    null,
    null,
    {
      "id": 5698,
      "amount": 1
    },
    {
      "id": 28000,
      "amount": 1
    },
    {
      "id": 5698,
      "amount": 1
    },
    {
      "id": 13307,
      "amount": 85000
    },
    null,
    null,
    null,
    null,
    null,
    null,
    null,
    null,
    null,
    null,
    null,
    null,
    null,
    null,
    null,
    null,
    null,
    null,
    null
  ],
  "equipment": [
    null,
    null,
    null,
    {
      "id": 12006,
      "amount": 1
    },
    null,
    null,
    null,
    null,
    null,
    null,
    null,
    null,
    null,
    null
  ],
  "bank": [
    {
      "id": 4587,
      "amount": 20000
    },
    {
      "id": 1215,
      "amount": 20000
    },
    {
      "id": 4089,
      "amount": 20000
    },
    {
      "id": 4109,
      "amount": 20000
    },
    {
      "id": 4099,
      "amount": 20000
    },
    {
      "id": 7400,
      "amount": 20000
    },
    {
      "id": 3755,
      "amount": 20000
    },
    {
      "id": 1163,
      "amount": 20000
    },
    {
      "id": 1305,
      "amount": 20000
    },
    {
      "id": 4675,
      "amount": 20000
    },
    {
      "id": 4091,
      "amount": 20000
    },
    {
      "id": 4111,
      "amount": 20000
    },
    {
      "id": 4101,
      "amount": 20000
    },
    {
      "id": 7399,
      "amount": 20000
    },
    {
      "id": 3751,
      "amount": 20000
    },
    {
      "id": 1127,
      "amount": 20000
    },
    {
      "id": 1434,
      "amount": 20000
    },
    {
      "id": 9185,
      "amount": 20000
    },
    {
      "id": 4093,
      "amount": 20000
    },
    {
      "id": 4113,
      "amount": 20000
    },
    {
      "id": 4103,
      "amount": 20000
    },
    {
      "id": 7398,
      "amount": 20000
    },
    {
      "id": 3753,
      "amount": 20000
    },
    {
      "id": 1079,
      "amount": 20000
    },
    {
      "id": 5698,
      "amount": 19998
    },
    {
      "id": 10499,
      "amount": 20002
    },
    {
      "id": 4097,
      "amount": 20000
    },
    {
      "id": 4117,
      "amount": 20000
    },
    {
      "id": 4107,
      "amount": 20000
    },
    {
      "id": 2579,
      "amount": 20000
    },
    {
      "id": 3749,
      "amount": 20000
    },
    {
      "id": 4131,
      "amount": 20000
    },
    {
      "id": 2503,
      "amount": 20000
    },
    {
      "id": 2497,
      "amount": 20000
    },
    {
      "id": 12492,
      "amount": 20000
    },
    {
      "id": 12508,
      "amount": 20000
    },
    {
      "id": 12500,
      "amount": 20000
    },
    {
      "id": 3105,
      "amount": 20000
    },
    {
      "id": 1093,
      "amount": 20000
    },
    {
      "id": 1201,
      "amount": 20000
    },
    {
      "id": 3842,
      "amount": 20000
    },
    {
      "id": 12612,
      "amount": 20000
    },
    {
      "id": 12494,
      "amount": 20000
    },
    {
      "id": 12510,
      "amount": 20000
    },
    {
      "id": 12502,
      "amount": 20000
    },
    {
      "id": 6108,
      "amount": 20000
    },
    {
      "id": 6107,
      "amount": 20000
    },
    {
      "id": 6109,
      "amount": 20000
    },
    {
      "id": 21892,
      "amount": 1
    },
    {
      "id": 30235,
      "amount": 9687
    },
    {
      "id": 14489,
      "amount": 1
    },
    {
      "id": 22550,
      "amount": 0
    },
    {
      "id": 19484,
      "amount": 115
    },
    {
      "id": 11808,
      "amount": 0
    },
    {
      "id": 4722,
      "amount": 0
    },
    {
      "id": 22644,
      "amount": 0
    },
    {
      "id": 12629,
      "amount": 1
    },
    {
      "id": 11802,
      "amount": 0
    },
    {
      "id": 12006,
      "amount": 0
    },
    {
      "id": 12791,
      "amount": 1
    },
    {
      "id": 12954,
      "amount": 1
    },
    {
      "id": 22586,
      "amount": 1
    },
    {
      "id": 11791,
      "amount": 1
    },
    {
      "id": 4712,
      "amount": 1
    },
    {
      "id": 12831,
      "amount": 0
    },
    {
      "id": 4714,
      "amount": 1
    },
    {
      "id": 6920,
      "amount": 0
    },
    {
      "id": 21948,
      "amount": 0
    },
    {
      "id": 6585,
      "amount": 0
    },
    {
      "id": 9470,
      "amount": 1
    },
    {
      "id": 12457,
      "amount": 1
    },
    {
      "id": 12389,
      "amount": 1
    },
    {
      "id": 11771,
      "amount": 1
    },
    {
      "id": 20161,
      "amount": 2
    },
    {
      "id": 13239,
      "amount": 1
    },
    {
      "id": 22326,
      "amount": 1
    },
    {
      "id": 12002,
      "amount": 1
    },
    {
      "id": 23246,
      "amount": 1
    },
    {
      "id": 13441,
      "amount": 44
    },
    {
      "id": 14501,
      "amount": 0
    },
    {
      "id": 11664,
      "amount": 1
    },
    {
      "id": 13072,
      "amount": 1
    },
    {
      "id": 13073,
      "amount": 1
    },
    {
      "id": 8842,
      "amount": 1
    },
    {
      "id": 2577,
      "amount": 0
    },
    {
      "id": 6737,
      "amount": 0
    },
    {
      "id": 11283,
      "amount": 0
    },
    {
      "id": 16005,
      "amount": 0
    },
    {
      "id": 15303,
      "amount": 1
    },
    {
      "id": 15302,
      "amount": 1
    },
    {
      "id": 22109,
      "amount": 1
    },
    {
      "id": 15300,
      "amount": 1
    },
    {
      "id": 11665,
      "amount": 1
    },
    {
      "id": 4736,
      "amount": 1
    },
    {
      "id": 4738,
      "amount": 1
    },
    {
      "id": 6889,
      "amount": 0
    },
    {
      "id": 22804,
      "amount": 10
    },
    {
      "id": 21902,
      "amount": 0
    },
    {
      "id": 12436,
      "amount": 1
    },
    {
      "id": 7416,
      "amount": 3
    },
    {
      "id": 12913,
      "amount": 30
    },
    {
      "id": 12877,
      "amount": 0
    },
    {
      "id": 30185,
      "amount": 0
    },
    {
      "id": 23685,
      "amount": 20
    },
    {
      "id": 21978,
      "amount": 20
    },
    {
      "id": 6570,
      "amount": 1
    },
    {
      "id": 10858,
      "amount": 0
    },
    {
      "id": 12890,
      "amount": 1
    },
    {
      "id": 30186,
      "amount": 0
    },
    {
      "id": 4168,
      "amount": 1
    },
    {
      "id": 30231,
      "amount": 0
    },
    {
      "id": 12888,
      "amount": 1
    },
    {
      "id": 23691,
      "amount": 2
    },
    {
      "id": 11785,
      "amount": 1
    },
    {
      "id": 21944,
      "amount": 4964
    },
    {
      "id": 12926,
      "amount": 1
    },
    {
      "id": 28000,
      "amount": 0
    },
    {
      "id": 12809,
      "amount": 1
    },
    {
      "id": 21795,
      "amount": 1
    },
    {
      "id": 24225,
      "amount": 1
    },
    {
      "id": 12848,
      "amount": 1
    },
    {
      "id": 11773,
      "amount": 1
    },
    {
      "id": 2436,
      "amount": 19985
    },
    {
      "id": 2440,
      "amount": 19984
    },
    {
      "id": 2442,
      "amount": 20000
    },
    {
      "id": 2444,
      "amount": 19986
    },
    {
      "id": 3040,
      "amount": 20000
    },
    {
      "id": 10925,
      "amount": 19903
    },
    {
      "id": 3024,
      "amount": 19957
    },
    {
      "id": 6685,
      "amount": 19913
    },
    {
      "id": 145,
      "amount": 20002
    },
    {
      "id": 157,
      "amount": 20005
    },
    {
      "id": 163,
      "amount": 20000
    },
    {
      "id": 169,
      "amount": 20008
    },
    {
      "id": 3042,
      "amount": 20000
    },
    {
      "id": 10927,
      "amount": 20047
    },
    {
      "id": 3026,
      "amount": 20005
    },
    {
      "id": 6689,
      "amount": 20021
    },
    {
      "id": 147,
      "amount": 20001
    },
    {
      "id": 159,
      "amount": 20001
    },
    {
      "id": 165,
      "amount": 20000
    },
    {
      "id": 171,
      "amount": 20002
    },
    {
      "id": 3044,
      "amount": 20000
    },
    {
      "id": 10929,
      "amount": 20018
    },
    {
      "id": 3028,
      "amount": 20001
    },
    {
      "id": 6687,
      "amount": 20029
    },
    {
      "id": 149,
      "amount": 20003
    },
    {
      "id": 161,
      "amount": 20003
    },
    {
      "id": 167,
      "amount": 20000
    },
    {
      "id": 173,
      "amount": 20002
    },
    {
      "id": 3046,
      "amount": 20000
    },
    {
      "id": 10931,
      "amount": 20004
    },
    {
      "id": 3030,
      "amount": 20004
    },
    {
      "id": 6691,
      "amount": 20007
    },
    {
      "id": 385,
      "amount": 19992
    },
    {
      "id": 3144,
      "amount": 19989
    },
    {
      "id": 560,
      "amount": 20000000
    },
    {
      "id": 565,
      "amount": 20000000
    },
    {
      "id": 555,
      "amount": 20000000
    },
    {
      "id": 562,
      "amount": 20000000
    },
    {
      "id": 557,
      "amount": 20000000
    },
    {
      "id": 559,
      "amount": 40000000
    },
    {
      "id": 564,
      "amount": 20000000
    },
    {
      "id": 554,
      "amount": 20000000
    },
    {
      "id": 9075,
      "amount": 20000001
    },
    {
      "id": 556,
      "amount": 20000000
    },
    {
      "id": 563,
      "amount": 20000000
    },
    {
      "id": 566,
      "amount": 20000000
    },
    {
      "id": 561,
      "amount": 20000000
    },
    {
      "id": 9241,
      "amount": 20000
    },
    {
      "id": 9244,
      "amount": 20000
    },
    {
      "id": 9245,
      "amount": 20000
    },
    {
      "id": 9243,
      "amount": 19000
    },
    {
      "id": 9242,
      "amount": 20000
    },
    {
      "id": 892,
      "amount": 20000
    },
    {
      "id": 10828,
      "amount": 20003
    },
    {
      "id": 2412,
      "amount": 19999
    },
    {
      "id": 7458,
      "amount": 20000
    },
    {
      "id": 7462,
      "amount": 20003
    },
    {
      "id": 11978,
      "amount": 20000
    },
    {
      "id": 299,
      "amount": 6
    },
    {
      "id": 11941,
      "amount": 2
    },
    {
      "id": 5952,
      "amount": 103
    },
    {
      "id": 12625,
      "amount": 25
    },
    {
      "id": 11663,
      "amount": 1
    },
    {
      "id": 15301,
      "amount": 1
    },
    {
      "id": 30122,
      "amount": 3
    },
    {
      "id": 30124,
      "amount": 1
    },
    {
      "id": 21813,
      "amount": 0
    },
    {
      "id": 22641,
      "amount": 0
    },
    {
      "id": 16278,
      "amount": 0
    },
    {
      "id": 2944,
      "amount": 0
    },
    {
      "id": 30125,
      "amount": 9
    },
    {
      "id": 13307,
      "amount": 46100
    },
    {
      "id": 20374,
      "amount": 0
    },
    {
      "id": 11806,
      "amount": 0
    }
  ],
  "tabAmounts": [
    122,
    64,
    6,
    4,
    0,
    0,
    0,
    0,
    0,
    0
  ],
  "placeholdersActive": true,
  "placeHolderAmount": 239,
  "hashedBankPin": "No bank pin.",
  "bankPinLength": 0,
  "recoveryDelay": 0,
  "lootingBag": [],
  "askHowManyToStore": false,
  "storeAsMany": false,
  "runePouch": [
    {
      "id": 9075,
      "amount": 16000
    },
    {
      "id": 560,
      "amount": 16000
    },
    {
      "id": 557,
      "amount": 16000
    },
    null
  ],
  "nifflerItems": [],
  "totalCartValue": 0,
  "cartItems": [],
  "newFriends": [
    "Im Sorry",
    "Itsdank",
    "Its Dank"
  ],
  "newIgnores": [],
  "clan": "help",
  "yellColour": "CA0D0D",
  "dontAskAgainEldritch": false,
  "dontAskAgainVolatile": false,
  "dontAskAgainHarmonised": false,
  "currencyCollection": false,
  "emptyPotionVials": false,
  "gold_ags_spec": false,
  "gold_bgs_spec": false,
  "gold_sgs_spec": false,
  "gold_zgs_spec": false,
  "xpLocked": false,
  "levelUpMessages": true,
  "enableDidYouKnow": true,
  "enableDebugMessages": true,
  "savePresetLevels": false,
  "openPresetsOnDeath": false,
  "savedDuelConfig": [
    true,
    false,
    true,
    true,
    true,
    true,
    true,
    true,
    true,
    true,
    false,
    true,
    true,
    true,
    true,
    false,
    true,
    true,
    true,
    true,
    true,
    true
  ],
  "autoRepairBrokenItems": false,
  "votePoints": 0,
  "pestControlPoints": 0,
  "slayerRewardPoints": 0,
  "targetPoints": 0,
  "eloRating": 1299,
  "bossPoints": 573,
  "teleportToTargetUnlocked": false,
  "preserve": false,
  "rigour": true,
  "augury": false,
  "botKills": 0,
  "botDeaths": 0,
  "kills": 1,
  "deaths": 1,
  "allTimeKills": 0,
  "allTimeDeaths": 0,
  "killstreak": 1,
  "highestKillstreak": 1,
  "wildernessStreak": 0,
  "shutdownRecord": 0,
  "recentKills": [
    "24.112.172.209"
  ],
  "firstKillOfTheDay": 1638651600138,
  "targetKills": 0,
  "kingBlackDragonsKilled": 0,
  "vetionsKilled": 0,
  "crazyArchaeologistsKilled": 0,
  "zulrahsKilled": 0,
  "alchysKilled": 0,
  "krakensKilled": 0,
  "revenantsKilled": 118,
  "ancientRevenantsKilled": 0,
  "ancientKingBlackDragonsKilled": 0,
  "corruptedHunleffsKilled": 15,
  "ancientChaosElementalsKilled": 0,
  "ancientBarrelchestsKilled": 1,
  "kerberosKilled": 0,
  "arachneKilled": 0,
  "skorpiosKilled": 0,
  "artioKilled": 5,
  "jadsKilled": 0,
  "chaosElementalsKilled": 0,
  "demonicGorillasKilled": 0,
  "barrelchestsKilled": 0,
  "corporealBeastsKilled": 0,
  "abyssalSiresKilled": 0,
  "vorkathsKilled": 0,
  "lizardmanShamansKilled": 0,
  "barrowsChestsOpened": 0,
  "corruptedNechryarchsKilled": 0,
  "fluffysKilled": 0,
  "dementorsKilled": 0,
  "hungarianHorntailsKilled": 0,
  "fenrirGreybacksKilled": 0,
  "scorpiasKilled": 0,
  "callistosKilled": 28,
  "molesKilled": 250,
  "nightmaresKilled": 0,
  "rexKilled": 0,
  "primeKilled": 0,
  "supremeKilled": 0,
  "kalphiteQueensKilled": 0,
  "lavaDragonsKilled": 0,
  "skotizosKilled": 0,
  "zombieChampionsKilled": 1,
  "brutalLavaDragonsKilled": 0,
  "tektonsKilled": 0,
  "chaosFanaticsKilled": 0,
  "thermonuclearSmokeDevilKilled": 0,
  "venenatisKilled": 0,
  "aragogKC": 0,
  "chamberOfSecretRuns": 0,
  "smokeDevilKills": 0,
  "superiorCreatureKills": 0,
  "crawlingHandKills": 0,
  "caveBugKills": 0,
  "caveCrawlerKills": 0,
  "bansheeKills": 0,
  "caveSlimeKills": 0,
  "rockslugKills": 0,
  "desertLizardKills": 0,
  "cockatriceKills": 0,
  "pyrefiendKills": 0,
  "mogreKills": 0,
  "harpieBugSwarmKills": 0,
  "wallBeastKills": 0,
  "killerwattKills": 0,
  "molaniskKills": 0,
  "basiliskKills": 0,
  "seaSnakeKills": 0,
  "terrorDogKills": 0,
  "feverSpiderKills": 0,
  "infernalMageKills": 0,
  "brineRatKills": 0,
  "bloodveldKills": 0,
  "jellyKills": 0,
  "turothKills": 0,
  "zygomiteKills": 0,
  "caveHorrorKills": 0,
  "aberrantSpectreKills": 0,
  "spiritualWarriorKills": 0,
  "kuraskKills": 0,
  "skeletalWyvernKills": 0,
  "gargoyleKills": 0,
  "nechryaelKills": 0,
  "spiritualMageKills": 0,
  "abyssalDemonKills": 0,
  "caveKrakenKills": 0,
  "darkBeastKills": 0,
  "brutalBlackDragonKills": 0,
  "fossilIslandWyvernKills": 0,
  "wyrmKills": 0,
  "drakeKills": 0,
  "hydraKills": 0,
  "basiliskKnightKills": 0,
  "menInBlackKills": 0,
  "bossTimers": {},
  "recentTeleports": [
    "GIANT_MOLE",
    "SLAYER_TOWER",
    "CATACOMBS",
    "BANDIT_CAMP",
    "CALLISTO",
    "GRAVEYARD",
    "ZULRAH",
    "BLACK_CHINS",
    "MINING_AREAS",
    "CHAOS_ELEMENTAL"
  ],
  "favoriteTeleports": [],
  "collectionLog": {
    "ARMOUR_MYSTERY_BOX": [
      {
        "id": 6920,
        "amount": 5
      },
      {
        "id": 6918,
        "amount": 2
      },
      {
        "id": 2581,
        "amount": 2
      },
      {
        "id": 12883,
        "amount": 2
      },
      {
        "id": 11840,
        "amount": 3
      },
      {
        "id": 12879,
        "amount": 2
      },
      {
        "id": 21892,
        "amount": 1
      },
      {
        "id": 12873,
        "amount": 6
      },
      {
        "id": 10551,
        "amount": 2
      },
      {
        "id": 6916,
        "amount": 1
      },
      {
        "id": 6889,
        "amount": 2
      },
      {
        "id": 6924,
        "amount": 7
      },
      {
        "id": 12831,
        "amount": 2
      },
      {
        "id": 11826,
        "amount": 1
      },
      {
        "id": 21301,
        "amount": 2
      },
      {
        "id": 2577,
        "amount": 1
      },
      {
        "id": 22326,
        "amount": 1
      },
      {
        "id": 21298,
        "amount": 1
      },
      {
        "id": 12457,
        "amount": 1
      },
      {
        "id": 12954,
        "amount": 1
      },
      {
        "id": 21304,
        "amount": 1
      },
      {
        "id": 12877,
        "amount": 1
      }
    ],
    "DONATOR_MYSTERY_BOX": [
      {
        "id": 20161,
        "amount": 2
      },
      {
        "id": 9470,
        "amount": 1
      },
      {
        "id": 12389,
        "amount": 1
      },
      {
        "id": 12890,
        "amount": 1
      },
      {
        "rarityType": -1,
        "broadcastItem": false,
        "id": 12888,
        "amount": 1
      }
    ],
    "REVENANTS": [
      {
        "id": 22550,
        "amount": 1
      },
      {
        "id": 21813,
        "amount": 1
      },
      {
        "id": 22641,
        "amount": 1
      }
    ],
    "GIANT_MOLE": [
      {
        "id": 2944,
        "amount": 1
      }
    ],
    "WEAPON_MYSTERY_BOX": [
      {
        "id": 6914,
        "amount": 1
      },
      {
        "id": 19484,
        "amount": 300
      },
      {
        "id": 11808,
        "amount": 1
      },
      {
        "id": 24144,
        "amount": 1
      },
      {
        "id": 11802,
        "amount": 1
      },
      {
        "id": 11791,
        "amount": 1
      },
      {
        "id": 11806,
        "amount": 2
      },
      {
        "rarityType": -1,
        "broadcastItem": true,
        "id": 12926,
        "amount": 1
      },
      {
        "rarityType": -1,
        "broadcastItem": false,
        "id": 12809,
        "amount": 1
      }
    ],
    "CALLISTO": [
      {
        "id": 16451,
        "amount": 1
      }
    ],
    "LEGENDARY_MYSTERY_BOX": [
      {
        "id": 13239,
        "amount": 2
      },
      {
        "id": 12002,
        "amount": 2
      }
    ],
    "CORRUPTED_HUNLEFF": [
      {
        "id": 20374,
        "amount": 1
      },
      {
        "id": 24999,
        "amount": 1
      }
    ]
  },
  "achievements": {
    "THIEF_III": 0,
    "PURE_III": 0,
    "HOLEY_MOLEY_I": 10,
    "BEAR_GRYLLS_I": 25,
    "SKILLER_I": 0,
    "CRYSTAL_LOOTER_III": 1,
    "ROCK_CRAB_HUNTER": 0,
    "AMPUTEE_ANNIHILATION_III": 0,
    "SNAKE_CHARMER_I": 0,
    "BLOODTHIRSTY_III": 0,
    "DRAGON_SLAYER_IV": 0,
    "SKILLER_III": 0,
    "LORD_OF_THE_RINGS_II": 0,
    "FIGHT_CAVES_I": 0,
    "ULTIMATE_CHAOS_III": 0,
    "ZERKER_II": 0,
    "PET_TAMER_II": 0,
    "PVP_III": 1,
    "PURE_IV": 0,
    "CRYSTAL_LOOTER_I": 1,
    "DR_CURT_CONNORS_II": 0,
    "GODWAR": 0,
    "ZERKER_III": 0,
    "BEAR_GRYLLS_III": 28,
    "WHATS_IN_THE_BOX_I": 10,
    "BOUNTY_HUNTER_II": 0,
    "DRAGON_SLAYER_III": 0,
    "BARROWS_IV": 0,
    "VORKY_I": 0,
    "EXPERIMENTS_HUNTER": 0,
    "SKILLER_II": 0,
    "PVP_II": 1,
    "ZERKER_IV": 0,
    "MAGE_ARENA_IV": 4,
    "BUG_EXTERMINATOR_II": 0,
    "ULTIMATE_CHAOS_I": 0,
    "VORKY_III": 0,
    "LARRANS_LOOTER_III": 0,
    "LARRANS_LOOTER_II": 0,
    "SQUIDWARD_II": 0,
    "DHAROK_BOMBER_III": 0,
    "DR_CURT_CONNORS_III": 0,
    "MAGE_ARENA_I": 4,
    "CRYSTAL_LOOTER_II": 1,
    "THIEF_II": 0,
    "YAK_HUNTER": 0,
    "DEEP_WILD_II": 0,
    "FLUFFY_I": 0,
    "BOUNTY_HUNTER_III": 0,
    "TASK_MASTER_I": 0,
    "PURE_II": 0,
    "DHAROK_BOMBER_II": 0,
    "THIEF_IV": 0,
    "PURE_I": 0,
    "VETION_I": 0,
    "AMPUTEE_ANNIHILATION_I": 0,
    "VORKY_II": 0,
    "REVENANT_HUNTER_IV": 118,
    "VOTE_FOR_US_I": 0,
    "DR_CURT_CONNORS_I": 0,
    "ZERKER_I": 0,
    "EXTREME_DEEP_WILD_I": 0,
    "KEEP_IT_100_II": 0,
    "HOLEY_MOLEY_II": 50,
    "BABY_ARAGOG_III": 0,
    "BARROWS_V": 0,
    "BARK_SCORPION_II": 0,
    "FIGHT_CAVES_II": 0,
    "SQUIDWARD_I": 0,
    "SURVIVOR_I": 0,
    "LARRANS_LOOTER_I": 0,
    "HOLEY_MOLEY_III": 100,
    "BABY_ARAGOG_II": 0,
    "AMPUTEE_ANNIHILATION_II": 0,
    "REVENANT_HUNTER_III": 118,
    "KEEP_IT_100_III": 0,
    "VOTE_FOR_US_III": 0,
    "TASK_MASTER_III": 0,
    "LORD_OF_THE_RINGS_I": 0,
    "SNAKE_CHARMER_II": 0,
    "COMPLETIONIST": 0,
    "WHATS_IN_THE_BOX_III": 70,
    "REVENANT_HUNTER_I": 118,
    "BARROWS_II": 0,
    "ULTIMATE_CHAOS_II": 0,
    "SNAKE_CHARMER_III": 0,
    "PUNCHING_BAGS_II": 0,
    "SAND_CRAB_HUNTER": 0,
    "SQUIDWARD_III": 0,
    "FIGHT_CAVES_III": 0,
    "BARK_SCORPION_I": 0,
    "KEEP_IT_100_I": 0,
    "PET_TAMER_I": 0,
    "VETION_II": 0,
    "SKILLER_IV": 0,
    "PVP_I": 1,
    "FLUFFY_II": 0,
    "BARK_SCORPION_III": 0,
    "BEAR_GRYLLS_II": 28,
    "DEEP_WILD_I": 0,
    "BUG_EXTERMINATOR_I": 0,
    "CORPOREAL_CRITTER": 0,
    "BARROWS_III": 0,
    "BABY_ARAGOG_I": 0,
    "BLOODTHIRSTY_I": 0,
    "BLOODTHIRSTY_II": 0,
    "WHATS_IN_THE_BOX_II": 50,
    "DHAROK_BOMBER_I": 0,
    "EXTREME_DEEP_WILD_III": 0,
    "BARROWS_I": 0,
    "TSJERNOBYL_III": 0,
    "DRAGON_SLAYER_II": 0,
    "TSJERNOBYL_I": 0,
    "REVENANT_HUNTER_II": 118,
    "THIEF_I": 0,
    "VETION_III": 0,
    "DEEP_WILD_III": 0,
    "SURVIVOR_II": 0,
    "DRAGON_SLAYER_I": 1,
    "PUNCHING_BAGS_I": 0,
    "MAGE_ARENA_III": 4,
    "EXTREME_DEEP_WILD_II": 0,
    "PUNCHING_BAGS_III": 0,
    "MASTER_THIEF": 0,
    "TSJERNOBYL_II": 0,
    "MAGE_ARENA_II": 4,
    "VOTE_FOR_US_II": 0,
    "TASK_MASTER_II": 0,
    "BOUNTY_HUNTER_I": 0
  },
  "achievementsCompleted": 0,
  "antiFireResistant": false,
  "venomResistant": false,
  "rockyBalboaTitle": false,
  "task": "NONE",
  "taskAmount": 0,
  "taskCompletionAmount": 0,
  "totalTasksCompleted": 0,
  "canClaimTaskReward": false,
  "playerKillsWithoutLeavingWild": 0,
  "treasuresOpened": 0,
  "referalMilestone10hoursPassed": false,
  "referalMilestone1dayPassed": false,
  "referrerUsername": "",
  "referralsCount": 0,
  "databaseId": 8191,
  "referalMilestone3refs": false,
  "staminaTicks": 0,
  "overloadTicks": 0,
  "antifireTicks": 0,
  "superAntiFire": false,
  "larranKeysUsed": 0,
  "earningPotential": 315,
  "enchantedAGSAttempts": 0,
  "enchantedBGSAttempts": 0,
  "enchantedSGSAttempts": 0,
  "enchantedZGSAttempts": 0,
  "enchantedFuryAttempts": 14,
  "enchantedOccultAttempts": 0,
  "enchantedTortureAttempts": 0,
  "enchantedAnguishAttempts": 0,
  "enchantedBNeckAttempts": 0,
  "enchantedGmaulAttempts": 3,
  "enchantedTBraceAttempts": 0,
  "enchantedDDefAttempts": 0,
  "enchantedDBootsAttempts": 0,
  "enchantedRunePouchAttempts": 0,
  "enchantedDClawsAttempts": 0,
  "enchantedROMAttempts": 0,
  "enchantedROSAttempts": 0,
  "enchantedROPAttempts": 0,
  "enchantedROTAttempts": 0,
  "enchantedSlayerHelmIAttempts": 0,
  "enchantedGreenSlayerHelmIAttempts": 0,
  "enchantedTurquoiseSlayerHelmIAttempts": 0,
  "enchantedRedSlayerHelmIAttempts": 0,
  "enchantedBlackSlayerHelmIAttempts": 0,
  "enchantedTwistedSlayerHelmIAttempts": 0,
  "larransKeyIIAttempts": 1,
  "larransKeyIIIAttempts": 0,
  "blowpipeAttempts": 0,
  "twistedBowAttempts": 0,
  "ancestralHatAttempts": 0,
  "ancestralTopAttempts": 0,
  "ancestralBottomAttempts": 0,
  "primordialBootsAttempts": 0,
  "infernalCapeAttempts": 0,
  "sanguistiStaffAttempts": 0,
  "ghraziRapierAttempts": 0,
  "scytheOfViturAttempts": 0,
  "pegasianBootsAttempts": 0,
  "eternalBootsAttempts": 0,
  "viggorasChainmaceAttempts": 0,
  "crawsBowAttempts": 0,
  "thammaronsStaffAttempts": 0,
  "corruptedBootsAttempts": 0,
  "ancientFaceguardAttempts": 0,
  "toxicStaffOfTheDeadAttempts": 0,
  "armourMysteryBoxesOpened": 47,
  "donatorMysteryBoxesOpened": 7,
  "legendaryMysteryBoxesOpened": 4,
  "petMysteryBoxesOpened": 0,
  "regularMysteryBoxesOpened": 0,
  "weaponMysteryBoxesOpened": 12,
  "presentMysteryBoxesOpened": 0,
  "epicPetMysteryBoxesOpened": 0,
  "raidsMysteryBoxesOpened": 0,
  "zenyteMysteryBoxesOpened": 0,
  "mysteryChestsOpened": 0,
  "raresFromMysteryBox": 4,
  "slayerKeysOpened": 0,
  "slayerKeysReceived": 0,
  "doubleExpTicks": 0,
  "dropRateLampTicks": 0,
  "ethereumAbsorption": false,
  "jailed": 0,
  "jailOresToEscape": 0,
  "jailOresMined": 0,
  "locBeforeJail": {
    "x": 3092,
    "y": 3500,
    "level": 0,
    "firstChunkX": 386,
    "firstChunkY": 437
  },
  "tournamentWins": 0,
  "tournamentPoints": 0,
  "lostCannon": false,
  "wildernessCourseState": 0,
  "edgePvpDailyAmount": 0,
  "edgePvpDailyCompleted": false,
  "edgePvpDailyRewardClaimed": false,
  "revCavePvpDailyAmount": 0,
  "revCavePvpDailyCompleted": false,
  "revCavePvpDailyRewardClaimed": false,
  "deepWildPvpDailyAmount": 0,
  "deepWildPvpDailyCompleted": false,
  "deepWildPvpDailyRewardClaimed": false,
  "purePvpeDailyAmount": 0,
  "purePvpDailyCompleted": false,
  "purePvpDailyRewardClaimed": false,
  "zekerPvpDailyAmount": 0,
  "zekerPvpDailyCompleted": false,
  "zekerPVPDailyRewardClaimed": false,
  "tierUpgradePvpDailyAmount": 0,
  "tierUpgradePvpDailyCompleted": false,
  "tierUpgradePvpDailyRewardClaimed": false,
  "noArmPvpDailyAmount": 0,
  "noArmPvpDailyCompleted": false,
  "noArmPvpDailyRewardClaimed": false,
  "dharokPvpDailyAmount": 0,
  "dharokPvpDailyCompleted": false,
  "dharokPvpDailyRewardClaimed": false,
  "botsPvpDailyAmount": 0,
  "botsPvpDailyCompleted": false,
  "botsPvpDailyRewardClaimed": false,
  "tourneyParticipationDailyAmount": 0,
  "tourneyParticipationDailyCompleted": false,
  "tourneyParticipationDailyRewardClaimed": false,
  "dailyRaidsDailyAmount": 0,
  "dailyRaidsDailyCompleted": false,
  "dailyRaidsDailyRewardClaimed": false,
  "worldBossDailyDailyAmount": 1,
  "worldBossDailyDailyCompleted": false,
  "worldBossDailyRewardClaimed": false,
  "revenantsDailyAmount": 4,
  "revenantsDailyCompleted": false,
  "revenantsDailyRewardClaimed": false,
  "battleMageDailyAmount": 0,
  "battleMageDailyCompleted": false,
  "battleMageDailyRewardClaimed": false,
  "wildernessBossDailyAmount": 13,
  "wildernessBossDailyCompleted": false,
  "wildernessBossDailyRewardClaimed": false,
  "zulrahDailyAmount": 0,
  "zulrahDailyCompleted": false,
  "zulrahDailyRewardClaimed": false,
  "slayerDailyAmount": 0,
  "slayerDailyCompleted": false,
  "slayerDailyRewardClaimed": false,
  "corruptedNechryarchDailyAmount": 0,
  "corruptedNechryarchDailyCompleted": false,
  "corruptedNechryarchDailyRewardClaimed": false,
  "vorkathDailyAmount": 0,
  "vorkathDailyCompleted": false,
  "vorkathDailyRewardClaimed": false,
  "corporealBeastDailyAmount": 0,
  "corporealBeastDailyCompleted": false,
  "corporealBeastDailyRewardClaimed": false,
  "wildyRunnerDailyAmount": 0,
  "wildyRunnerDailyCompleted": false,
  "wildyRunnerDailyRewardClaimed": false,
  "alchemicalHydraLogClaimed": false,
  "ancientBarrelchestLogClaimed": false,
  "ancientChaosElementalLogClaimed": false,
  "ancientKingBlackDragonLogClaimed": false,
  "arachneLogClaimed": false,
  "artioLogClaimed": false,
  "barrelchestLogClaimed": false,
  "brutalLavaDragonLogClaimed": false,
  "callistoLogClaimed": false,
  "cerberusLogClaimed": false,
  "chaosElementalLogClaimed": false,
  "chaosFanaticLogClaimed": false,
  "corporealBeastLogClaimed": false,
  "corruptedNechryarchLogClaimed": false,
  "crazyArchaeologistLogClaimed": false,
  "demonicGorillaLogClaimed": false,
  "giantMoleLogClaimed": false,
  "kerberosLogClaimed": false,
  "kingBlackDragonLogClaimed": false,
  "krakenLogClaimed": false,
  "lavaDragonLogClaimed": false,
  "lizardmanShamanLogClaimed": false,
  "scorpiaLogClaimed": false,
  "skorpiosLogClaimed": false,
  "skotizoLogClaimed": false,
  "tektonLogClaimed": false,
  "thermonuclearSmokeDevilLogClaimed": false,
  "theNightmareLogClaimed": false,
  "corruptedHunleffLogClaimed": false,
  "menInBlackLogClaimed": false,
  "tztokJadLogClaimed": false,
  "venenatisLogClaimed": false,
  "vetionLogClaimed": false,
  "vorkathLogClaimed": false,
  "zombiesChampionLogClaimed": false,
  "zulrahLogClaimed": false,
  "armourMysteryBoxLogClaimed": false,
  "donatorMysteryBoxLogClaimed": false,
  "epicPetMysteryBoxLogClaimed": false,
  "mysteryChestLogClaimed": false,
  "raidsMysteryBoxLogClaimed": false,
  "weaponMysteryBoxLogClaimed": false,
  "legendaryMysteryBoxLogClaimed": false,
  "zenyteLogClaimed": false,
  "crystalKeyLogClaimed": false,
  "larransKeyTierILogClaimed": false,
  "larransKeyTierIILogClaimed": false,
  "larransKeyTierIIILogClaimed": false,
  "slayerKeyLogClaimed": false,
  "wildernessKeyLogClaimed": false,
  "ancientRevenantsLogClaimed": false,
  "chamberOfSecretsLogClaimed": false,
  "revenantsLogClaimed": false,
  "slayerLogClaimed": false,
  "lastDailyReset": 4,
  "finishedHalloweenDialogue": false,
  "candiesTraded": -1,
  "eventReward1Claimed": false,
  "eventReward2Claimed": false,
  "eventReward3Claimed": false,
  "eventReward4Claimed": false,
  "eventReward5Claimed": false,
  "eventReward6Claimed": false,
  "eventReward7Claimed": false,
  "eventReward8Claimed": false,
  "eventReward9Claimed": false,
  "eventReward10Claimed": false,
  "eventReward11Claimed": false,
  "eventReward12Claimed": false,
  "eventReward13Claimed": false,
  "eventReward14Claimed": false,
  "eventReward15Claimed": false,
  "eventReward16Claimed": false,
  "eventReward17Claimed": false,
  "eventReward18Claimed": false,
  "eventReward19Claimed": false,
  "eventReward20Claimed": false,
  "eventReward21Claimed": false,
  "eventReward22Claimed": false,
  "eventReward23Claimed": false,
  "eventReward24Claimed": false,
  "eventReward25Claimed": false,
  "eventReward26Claimed": false,
  "eventReward27Claimed": false,
  "eventReward28Claimed": false,
  "eventReward29Claimed": false,
  "eventReward30Claimed": false,
  "eventReward31Claimed": false,
  "eventReward32Claimed": false,
  "eventReward33Claimed": false,
  "eventReward34Claimed": false,
  "eventReward35Claimed": false,
  "eventReward36Claimed": false,
  "eventReward37Claimed": false,
  "eventReward38Claimed": false,
  "eventReward39Claimed": false,
  "eventReward40Claimed": false,
  "eventReward41Claimed": false,
  "eventReward42Claimed": false,
  "eventReward43Claimed": false,
  "eventReward44Claimed": false,
  "hweenEventTokensSpent": 0,
  "herbBoxCharges": 0,
  "claimedDonatorRewards": true
}