{
  "username": "Ags Pk 12",
  "password": "$2a$10$uwbLmf.kWzabtgXBvXf5aOrHkHOk1K4UXHx/IYXabUbQcS2uLIU0i",
  "title": "",
  "titleColor": "",
  "tile": {
    "x": 3094,
    "y": 3503,
    "level": 0,
    "firstChunkX": 386,
    "firstChunkY": 437
  },
  "gameTime": 106,
  "runEnergy": 100.0,
  "running": false,
  "playerRights": "PLAYER",
  "memberRights": "NONE",
  "gameMode": "INSTANT_PKER",
  "ironMode": "NONE",
  "darkLordLives": 3,
  "lastIP": "46.36.75.46",
  "mac": "invalid",
  "accountPin": 0,
  "askAccountPin": false,
  "accountPinAttemptsLeft": 5,
  "accountPinFrozenTicks": 0,
  "creationDate": "Oct 22, 2021, 16:19:58 PM",
  "creationIp": "46.36.75.46",
  "lastLogin": "Oct 22, 2021, 16:21:02 PM",
  "muted": false,
  "lastBMClaim": 0,
  "isCombatMaxed": false,
  "starterWeaponDamage": 0,
  "newPlayer": true,
  "isBetaTester": false,
  "veteran": false,
  "veteranGiftClaimed": false,
  "playtimeGiftClaimed": false,
  "gambler": false,
  "starterboxClaimed": false,
  "clanBoxOpened": false,
  "promoCodeClaimed": false,
  "receivedMonthlySponsorRewards": false,
  "receivedTopPkerReward": false,
  "topPkerPosition": 0,
  "female": false,
  "looks": [
    0,
    10,
    18,
    26,
    33,
    36,
    42
  ],
  "colors": [
    0,
    0,
    0,
    0,
    0
  ],
  "spellBook": "NORMAL",
  "fightType": "UNARMED_KICK",
  "fightTypeVarp": 43,
  "fightTypeVarpState": 1,
  "autoRetaliate": false,
  "previousSpellbook": "NORMAL",
  "venomTicks": 0,
  "poisonTicks": 0,
  "specPercentage": 100,
  "recoilCharges": 40,
  "targetSearchTimer": 0,
  "specialAttackRestoreTimer": 0,
  "skullTimer": 0,
  "skullType": "NO_SKULL",
  "quickPrayers": [
    null,
    null,
    null,
    null,
    null,
    null,
    null,
    null,
    null,
    null,
    null,
    null,
    null,
    null,
    null,
    null,
    null,
    null,
    null,
    null,
    null,
    null,
    null,
    null,
    null,
    null,
    null,
    null,
    null
  ],
  "presets": [
    null,
    null,
    null,
    null,
    null,
    null,
    null,
    null,
    null,
    null,
    null,
    null,
    null,
    null,
    null,
    null,
    null,
    null,
    null,
    null
  ],
  "specialTeleblockTimer": 0,
  "totalAmountPaid": 0.0,
  "promoPaymentAmount": 0.0,
  "promoItemsClaimed": 0,
  "memberUnlocked": false,
  "superMemberUnlocked": false,
  "eliteMemberUnlocked": false,
  "extremeMemberUnlocked": false,
  "legendaryMemberUnlocked": false,
  "vipUnlocked": false,
  "sponsorMemberUnlocked": false,
  "dynamicLevels": [
    1,
    1,
    1,
    10,
    1,
    1,
    1,
    1,
    1,
    1,
    1,
    1,
    1,
    1,
    1,
    1,
    1,
    1,
    1,
    1,
    1,
    1,
    1
  ],
  "skillXP": [
    0.0,
    0.0,
    0.0,
    1154.0,
    0.0,
    0.0,
    0.0,
    0.0,
    0.0,
    0.0,
    0.0,
    0.0,
    0.0,
    0.0,
    0.0,
    0.0,
    0.0,
    0.0,
    0.0,
    0.0,
    0.0,
    0.0,
    0.0
  ],
  "activePetItemId": 0,
  "unlockedPets": [],
  "insuredPets": [],
  "slayerTaskId": 0,
  "slayerTaskAmount": 0,
  "slayerMasterId": 0,
  "slayerTaskStreak": 0,
  "slayerTaskStreakRecord": 0,
  "completedSlayerTasks": 0,
  "wildernessSlayerActive": false,
  "wildernessSlayerDescribed": false,
  "slayerPartner": "None",
  "blockedSlayerTasks": [],
  "slayerUnlocks": {},
  "slayerExtensionsList": {},
  "inventory": [
    null,
    null,
    null,
    null,
    null,
    null,
    null,
    null,
    null,
    null,
    null,
    null,
    null,
    null,
    null,
    null,
    null,
    null,
    null,
    null,
    null,
    null,
    null,
    null,
    null,
    null,
    null,
    null
  ],
  "equipment": [
    null,
    null,
    null,
    null,
    null,
    null,
    null,
    null,
    null,
    null,
    null,
    null,
    null,
    null
  ],
  "bank": [],
  "tabAmounts": [
    0,
    0,
    0,
    0,
    0,
    0,
    0,
    0,
    0,
    0
  ],
  "placeholdersActive": false,
  "placeHolderAmount": 0,
  "hashedBankPin": "No bank pin.",
  "bankPinLength": 0,
  "recoveryDelay": 3,
  "lootingBag": [],
  "askHowManyToStore": false,
  "storeAsMany": false,
  "runePouch": [
    null,
    null,
    null,
    null
  ],
  "nifflerItems": [],
  "totalCartValue": 0,
  "cartItems": [],
  "newFriends": [],
  "newIgnores": [],
  "clan": "help",
  "yellColour": "000000",
  "dontAskAgainEldritch": false,
  "dontAskAgainVolatile": false,
  "dontAskAgainHarmonised": false,
  "currencyCollection": false,
  "emptyPotionVials": false,
  "gold_ags_spec": false,
  "gold_bgs_spec": false,
  "gold_sgs_spec": false,
  "gold_zgs_spec": false,
  "xpLocked": false,
  "levelUpMessages": true,
  "enableDidYouKnow": true,
  "enableDebugMessages": true,
  "savePresetLevels": false,
  "openPresetsOnDeath": false,
  "savedDuelConfig": [
    false,
    false,
    false,
    false,
    false,
    false,
    false,
    false,
    false,
    false,
    false,
    false,
    false,
    false,
    false,
    false,
    false,
    false,
    false,
    false,
    false,
    false
  ],
  "autoRepairBrokenItems": false,
  "votePoints": 0,
  "pestControlPoints": 0,
  "slayerRewardPoints": 0,
  "targetPoints": 0,
  "eloRating": 1300,
  "bossPoints": 0,
  "teleportToTargetUnlocked": false,
  "preserve": false,
  "rigour": false,
  "augury": false,
  "botKills": 0,
  "botDeaths": 0,
  "kills": 0,
  "deaths": 0,
  "allTimeKills": 0,
  "allTimeDeaths": 0,
  "killstreak": 0,
  "highestKillstreak": 0,
  "wildernessStreak": 0,
  "shutdownRecord": 0,
  "recentKills": [],
  "firstKillOfTheDay": 0,
  "targetKills": 0,
  "kingBlackDragonsKilled": 0,
  "vetionsKilled": 0,
  "crazyArchaeologistsKilled": 0,
  "zulrahsKilled": 0,
  "alchysKilled": 0,
  "krakensKilled": 0,
  "revenantsKilled": 0,
  "ancientRevenantsKilled": 0,
  "ancientKingBlackDragonsKilled": 0,
  "corruptedHunleffsKilled": 0,
  "ancientChaosElementalsKilled": 0,
  "ancientBarrelchestsKilled": 0,
  "kerberosKilled": 0,
  "arachneKilled": 0,
  "skorpiosKilled": 0,
  "artioKilled": 0,
  "jadsKilled": 0,
  "chaosElementalsKilled": 0,
  "demonicGorillasKilled": 0,
  "barrelchestsKilled": 0,
  "corporealBeastsKilled": 0,
  "abyssalSiresKilled": 0,
  "vorkathsKilled": 0,
  "lizardmanShamansKilled": 0,
  "barrowsChestsOpened": 0,
  "corruptedNechryarchsKilled": 0,
  "fluffysKilled": 0,
  "dementorsKilled": 0,
  "hungarianHorntailsKilled": 0,
  "fenrirGreybacksKilled": 0,
  "scorpiasKilled": 0,
  "callistosKilled": 0,
  "molesKilled": 0,
  "nightmaresKilled": 0,
  "rexKilled": 0,
  "primeKilled": 0,
  "supremeKilled": 0,
  "kalphiteQueensKilled": 0,
  "lavaDragonsKilled": 0,
  "skotizosKilled": 0,
  "zombieChampionsKilled": 0,
  "brutalLavaDragonsKilled": 0,
  "tektonsKilled": 0,
  "chaosFanaticsKilled": 0,
  "thermonuclearSmokeDevilKilled": 0,
  "venenatisKilled": 0,
  "aragogKC": 0,
  "chamberOfSecretRuns": 0,
  "smokeDevilKills": 0,
  "superiorCreatureKills": 0,
  "crawlingHandKills": 0,
  "caveBugKills": 0,
  "caveCrawlerKills": 0,
  "bansheeKills": 0,
  "caveSlimeKills": 0,
  "rockslugKills": 0,
  "desertLizardKills": 0,
  "cockatriceKills": 0,
  "pyrefiendKills": 0,
  "mogreKills": 0,
  "harpieBugSwarmKills": 0,
  "wallBeastKills": 0,
  "killerwattKills": 0,
  "molaniskKills": 0,
  "basiliskKills": 0,
  "seaSnakeKills": 0,
  "terrorDogKills": 0,
  "feverSpiderKills": 0,
  "infernalMageKills": 0,
  "brineRatKills": 0,
  "bloodveldKills": 0,
  "jellyKills": 0,
  "turothKills": 0,
  "zygomiteKills": 0,
  "caveHorrorKills": 0,
  "aberrantSpectreKills": 0,
  "spiritualWarriorKills": 0,
  "kuraskKills": 0,
  "skeletalWyvernKills": 0,
  "gargoyleKills": 0,
  "nechryaelKills": 0,
  "spiritualMageKills": 0,
  "abyssalDemonKills": 0,
  "caveKrakenKills": 0,
  "darkBeastKills": 0,
  "brutalBlackDragonKills": 0,
  "fossilIslandWyvernKills": 0,
  "wyrmKills": 0,
  "drakeKills": 0,
  "hydraKills": 0,
  "basiliskKnightKills": 0,
  "menInBlackKills": 0,
  "bossTimers": {},
  "recentTeleports": [],
  "favoriteTeleports": [],
  "collectionLog": {},
  "achievements": {},
  "achievementsCompleted": 0,
  "antiFireResistant": false,
  "venomResistant": false,
  "rockyBalboaTitle": false,
  "task": "NONE",
  "taskAmount": 0,
  "taskCompletionAmount": 0,
  "totalTasksCompleted": 0,
  "canClaimTaskReward": false,
  "playerKillsWithoutLeavingWild": 0,
  "treasuresOpened": 0,
  "referalMilestone10hoursPassed": false,
  "referalMilestone1dayPassed": false,
  "referrerUsername": "",
  "referralsCount": 0,
  "databaseId": -1,
  "referalMilestone3refs": false,
  "staminaTicks": 0,
  "overloadTicks": 0,
  "antifireTicks": 0,
  "superAntiFire": false,
  "larranKeysUsed": 0,
  "earningPotential": 0,
  "enchantedAGSAttempts": 0,
  "enchantedBGSAttempts": 0,
  "enchantedSGSAttempts": 0,
  "enchantedZGSAttempts": 0,
  "enchantedFuryAttempts": 0,
  "enchantedOccultAttempts": 0,
  "enchantedTortureAttempts": 0,
  "enchantedAnguishAttempts": 0,
  "enchantedBNeckAttempts": 0,
  "enchantedGmaulAttempts": 0,
  "enchantedTBraceAttempts": 0,
  "enchantedDDefAttempts": 0,
  "enchantedDBootsAttempts": 0,
  "enchantedRunePouchAttempts": 0,
  "enchantedDClawsAttempts": 0,
  "enchantedROMAttempts": 0,
  "enchantedROSAttempts": 0,
  "enchantedROPAttempts": 0,
  "enchantedROTAttempts": 0,
  "enchantedSlayerHelmIAttempts": 0,
  "enchantedGreenSlayerHelmIAttempts": 0,
  "enchantedTurquoiseSlayerHelmIAttempts": 0,
  "enchantedRedSlayerHelmIAttempts": 0,
  "enchantedBlackSlayerHelmIAttempts": 0,
  "enchantedTwistedSlayerHelmIAttempts": 0,
  "larransKeyIIAttempts": 0,
  "larransKeyIIIAttempts": 0,
  "blowpipeAttempts": 0,
  "twistedBowAttempts": 0,
  "ancestralHatAttempts": 0,
  "ancestralTopAttempts": 0,
  "ancestralBottomAttempts": 0,
  "primordialBootsAttempts": 0,
  "infernalCapeAttempts": 0,
  "sanguistiStaffAttempts": 0,
  "ghraziRapierAttempts": 0,
  "scytheOfViturAttempts": 0,
  "pegasianBootsAttempts": 0,
  "eternalBootsAttempts": 0,
  "viggorasChainmaceAttempts": 0,
  "crawsBowAttempts": 0,
  "thammaronsStaffAttempts": 0,
  "corruptedBootsAttempts": 0,
  "ancientFaceguardAttempts": 0,
  "toxicStaffOfTheDeadAttempts": 0,
  "armourMysteryBoxesOpened": 0,
  "donatorMysteryBoxesOpened": 0,
  "legendaryMysteryBoxesOpened": 0,
  "petMysteryBoxesOpened": 0,
  "regularMysteryBoxesOpened": 0,
  "weaponMysteryBoxesOpened": 0,
  "presentMysteryBoxesOpened": 0,
  "epicPetMysteryBoxesOpened": 0,
  "raidsMysteryBoxesOpened": 0,
  "zenyteMysteryBoxesOpened": 0,
  "mysteryChestsOpened": 0,
  "raresFromMysteryBox": 0,
  "slayerKeysOpened": 0,
  "slayerKeysReceived": 0,
  "doubleExpTicks": 0,
  "dropRateLampTicks": 0,
  "ethereumAbsorption": false,
  "jailed": 0,
  "jailOresToEscape": 0,
  "jailOresMined": 0,
  "locBeforeJail": {
    "x": 3092,
    "y": 3500,
    "level": 0,
    "firstChunkX": 386,
    "firstChunkY": 437
  },
  "tournamentWins": 0,
  "tournamentPoints": 0,
  "lostCannon": false,
  "wildernessCourseState": 0,
  "edgePvpDailyAmount": 0,
  "edgePvpDailyCompleted": false,
  "edgePvpDailyRewardClaimed": false,
  "revCavePvpDailyAmount": 0,
  "revCavePvpDailyCompleted": false,
  "revCavePvpDailyRewardClaimed": false,
  "deepWildPvpDailyAmount": 0,
  "deepWildPvpDailyCompleted": false,
  "deepWildPvpDailyRewardClaimed": false,
  "purePvpeDailyAmount": 0,
  "purePvpDailyCompleted": false,
  "purePvpDailyRewardClaimed": false,
  "zekerPvpDailyAmount": 0,
  "zekerPvpDailyCompleted": false,
  "zekerPVPDailyRewardClaimed": false,
  "tierUpgradePvpDailyAmount": 0,
  "tierUpgradePvpDailyCompleted": false,
  "tierUpgradePvpDailyRewardClaimed": false,
  "noArmPvpDailyAmount": 0,
  "noArmPvpDailyCompleted": false,
  "noArmPvpDailyRewardClaimed": false,
  "dharokPvpDailyAmount": 0,
  "dharokPvpDailyCompleted": false,
  "dharokPvpDailyRewardClaimed": false,
  "botsPvpDailyAmount": 0,
  "botsPvpDailyCompleted": false,
  "botsPvpDailyRewardClaimed": false,
  "tourneyParticipationDailyAmount": 0,
  "tourneyParticipationDailyCompleted": false,
  "tourneyParticipationDailyRewardClaimed": false,
  "dailyRaidsDailyAmount": 0,
  "dailyRaidsDailyCompleted": false,
  "dailyRaidsDailyRewardClaimed": false,
  "worldBossDailyDailyAmount": 0,
  "worldBossDailyDailyCompleted": false,
  "worldBossDailyRewardClaimed": false,
  "revenantsDailyAmount": 0,
  "revenantsDailyCompleted": false,
  "revenantsDailyRewardClaimed": false,
  "battleMageDailyAmount": 0,
  "battleMageDailyCompleted": false,
  "battleMageDailyRewardClaimed": false,
  "wildernessBossDailyAmount": 0,
  "wildernessBossDailyCompleted": false,
  "wildernessBossDailyRewardClaimed": false,
  "zulrahDailyAmount": 0,
  "zulrahDailyCompleted": false,
  "zulrahDailyRewardClaimed": false,
  "slayerDailyAmount": 0,
  "slayerDailyCompleted": false,
  "slayerDailyRewardClaimed": false,
  "corruptedNechryarchDailyAmount": 0,
  "corruptedNechryarchDailyCompleted": false,
  "corruptedNechryarchDailyRewardClaimed": false,
  "vorkathDailyAmount": 0,
  "vorkathDailyCompleted": false,
  "vorkathDailyRewardClaimed": false,
  "corporealBeastDailyAmount": 0,
  "corporealBeastDailyCompleted": false,
  "corporealBeastDailyRewardClaimed": false,
  "wildyRunnerDailyAmount": 0,
  "wildyRunnerDailyCompleted": false,
  "wildyRunnerDailyRewardClaimed": false,
  "alchemicalHydraLogClaimed": false,
  "ancientBarrelchestLogClaimed": false,
  "ancientChaosElementalLogClaimed": false,
  "ancientKingBlackDragonLogClaimed": false,
  "arachneLogClaimed": false,
  "artioLogClaimed": false,
  "barrelchestLogClaimed": false,
  "brutalLavaDragonLogClaimed": false,
  "callistoLogClaimed": false,
  "cerberusLogClaimed": false,
  "chaosElementalLogClaimed": false,
  "chaosFanaticLogClaimed": false,
  "corporealBeastLogClaimed": false,
  "corruptedNechryarchLogClaimed": false,
  "crazyArchaeologistLogClaimed": false,
  "demonicGorillaLogClaimed": false,
  "giantMoleLogClaimed": false,
  "kerberosLogClaimed": false,
  "kingBlackDragonLogClaimed": false,
  "krakenLogClaimed": false,
  "lavaDragonLogClaimed": false,
  "lizardmanShamanLogClaimed": false,
  "scorpiaLogClaimed": false,
  "skorpiosLogClaimed": false,
  "skotizoLogClaimed": false,
  "tektonLogClaimed": false,
  "thermonuclearSmokeDevilLogClaimed": false,
  "theNightmareLogClaimed": false,
  "corruptedHunleffLogClaimed": false,
  "menInBlackLogClaimed": false,
  "tztokJadLogClaimed": false,
  "venenatisLogClaimed": false,
  "vetionLogClaimed": false,
  "vorkathLogClaimed": false,
  "zombiesChampionLogClaimed": false,
  "zulrahLogClaimed": false,
  "armourMysteryBoxLogClaimed": false,
  "donatorMysteryBoxLogClaimed": false,
  "epicPetMysteryBoxLogClaimed": false,
  "mysteryChestLogClaimed": false,
  "raidsMysteryBoxLogClaimed": false,
  "weaponMysteryBoxLogClaimed": false,
  "legendaryMysteryBoxLogClaimed": false,
  "zenyteLogClaimed": false,
  "crystalKeyLogClaimed": false,
  "larransKeyTierILogClaimed": false,
  "larransKeyTierIILogClaimed": false,
  "larransKeyTierIIILogClaimed": false,
  "slayerKeyLogClaimed": false,
  "wildernessKeyLogClaimed": false,
  "ancientRevenantsLogClaimed": false,
  "chamberOfSecretsLogClaimed": false,
  "revenantsLogClaimed": false,
  "slayerLogClaimed": false,
  "lastDailyReset": -1,
  "finishedHalloweenDialogue": false,
  "candiesTraded": -1,
  "eventReward1Claimed": false,
  "eventReward2Claimed": false,
  "eventReward3Claimed": false,
  "eventReward4Claimed": false,
  "eventReward5Claimed": false,
  "eventReward6Claimed": false,
  "eventReward7Claimed": false,
  "eventReward8Claimed": false,
  "eventReward9Claimed": false,
  "eventReward10Claimed": false,
  "eventReward11Claimed": false,
  "eventReward12Claimed": false,
  "eventReward13Claimed": false,
  "eventReward14Claimed": false,
  "eventReward15Claimed": false,
  "eventReward16Claimed": false,
  "eventReward17Claimed": false,
  "eventReward18Claimed": false,
  "eventReward19Claimed": false,
  "eventReward20Claimed": false,
  "eventReward21Claimed": false,
  "eventReward22Claimed": false,
  "eventReward23Claimed": false,
  "eventReward24Claimed": false,
  "eventReward25Claimed": false,
  "eventReward26Claimed": false,
  "eventReward27Claimed": false,
  "eventReward28Claimed": false,
  "eventReward29Claimed": false,
  "eventReward30Claimed": false,
  "eventReward31Claimed": false,
  "eventReward32Claimed": false,
  "eventReward33Claimed": false,
  "eventReward34Claimed": false,
  "eventReward35Claimed": false,
  "eventReward36Claimed": false,
  "eventReward37Claimed": false,
  "eventReward38Claimed": false,
  "eventReward39Claimed": false,
  "eventReward40Claimed": false,
  "eventReward41Claimed": false,
  "eventReward42Claimed": false,
  "eventReward43Claimed": false,
  "eventReward44Claimed": false,
  "hweenEventTokensSpent": 0,
  "herbBoxCharges": 0,
  "claimedDonatorRewards": false
}